Code;Code à Bar;Désignation;Stock;Famille;Marque;Prix Achat HT;MB%;TVA;PventeTTC;Pvente Pub HT;Code Frs;Code Frs;Intitulé Frs;Date Creation;Date Modification;Remise_Fidelite;Dernière PUHT;Dernière remise
001001001;7909990000034;START LAIT SAIDA 17PC ;0,000;BISCUITS;saida ;26,837;7,089;19,000;34,200;28,739;;;;02/11/2023;11/11/2023;0,000;;
001001002;7909990000171;MAJOR LAIT SAIDA 20PC;0,000;BISCUITS;saida ;21,784;7,241;19,000;27,800;23,361;;;;02/11/2023;04/11/2023;0,000;;
001001003;7909990000188;MAJOR FRAISE SAIDA 20PC;0,000;BISCUITS;saida ;21,784;7,241;19,000;27,800;23,361;;;;02/11/2023;04/11/2023;0,000;;
001001004;7909990000638;BREAK CHOCOLAT SAIDA 24PC;0,000;CAKE;saida ;9,099;7,132;19,000;11,600;9,748;;;;03/11/2023;11/11/2023;0,000;;
001001005;7909990001109;DCROC NOISETTE KIF 20PC;0,000;BISCUITS;KIF;22,924;8,140;19,000;29,500;24,790;;;;03/11/2023;04/11/2023;0,000;;
001001006;7909990001307;CREME DESSRT AROM SMAERT CHEF 24PC;0,000;CREME;SMART CHEF;8,800;28,915;19,000;13,500;11,345;;;;04/11/2023;04/11/2023;0,000;;
001001007;7909990001475;MAESTRO TAB LAIT 10PC;0,000;CHOCOLAT;SAID;25,104;8,122;19,000;32,300;27,143;;;;05/11/2023;11/11/2023;0,000;;
001001008;7909990001499;MAESTRO TAB LAIT NOISETTE 10PC;0,000;CHOCOLAT;SAID;25,756;8,647;19,000;33,300;27,983;;;;05/11/2023;11/11/2023;0,000;;
001001009;7909990001574;KROSS CHOCOLAT 24PC;0,000;CHOCOLAT;SAID;4,963;10,058;19,000;6,500;5,462;;;;05/11/2023;11/11/2023;0,000;;
002001001;7909990001031;TIGATO FRAISE KIF 20PC;0,000;BISCUITS;KIF;23,647;7,676;19,000;30,300;25,462;;;;03/11/2023;04/11/2023;0,000;;
002002001;7909990000010;COOKIES CACAO PEPITE CHOC SAIDA 12PC;0,000;BISCUITS;saida ;20,267;7,183;19,000;25,850;21,723;;;;02/11/2023;11/11/2023;0,000;;
002002002;7909990000027;LOOPI CHOCOLAT SAIDA 24PC;0,000;BISCUITS;saida ;21,839;7,163;19,000;27,850;23,403;;;;02/11/2023;11/11/2023;0,000;;
002002003;7909990000041;TUC CLASSIQUE SAIDA 24PC ;0,000;BISCUITS;saida ;23,163;7,387;19,000;29,600;24,874;;;;02/11/2023;11/11/2023;0,000;;
002002004;7909990000058;PALET AU BEURRE PETIT CHOC SAIDA GM 24PC ;0,000;BISCUITS;saida ;11,416;8,207;19,000;14,700;12,353;;;;02/11/2023;11/11/2023;0,000;;
002002005;7909990000065;MAJOR CHOCOLAIT SAIDA 20PC;0,000;BISCUITS;saida ;21,784;7,241;19,000;27,800;23,361;;;;02/11/2023;04/11/2023;0,000;;
002002006;7909990000072;CROUSTINA CHOCOLAT GF SAIDA 21PC;0,000;BISCUITS;saida ;19,254;7,366;19,000;24,600;20,672;;;;02/11/2023;11/11/2023;0,000;;
002002007;7909990000089;CROUSTINA LAIT GF SAIDA 21PC;0,000;BISCUITS;saida ;19,254;7,366;19,000;24,600;20,672;;;;02/11/2023;11/11/2023;0,000;;
002002008;7909990000096;CROUSTINA CACAO/VANILLE GF SAIDA 21PC;0,000;BISCUITS;saida ;19,254;7,366;19,000;24,600;20,672;;;;02/11/2023;11/11/2023;0,000;;
002002009;7909990000102;CROUSTINA CHOCOLAT PF SAIDA 40PC;0,000;BISCUITS;saida ;13,787;7,884;19,000;17,700;14,874;;;;02/11/2023;11/11/2023;0,000;;
002002010;7909990000119;CROUSTINA LAIT PF SAIDA 40PC;0,000;BISCUITS;saida ;13,787;7,274;19,000;17,600;14,790;;;;02/11/2023;04/11/2023;0,000;;
002002011;7909990000126;CROUSTINA CACAO/VANILLE PF SAIDA 40PC;0,000;BISCUITS;saida ;13,787;7,274;19,000;17,600;14,790;;;;02/11/2023;11/11/2023;0,000;;
002002012;7909990000133;CROUSTINA NOISETTE PF SAIDA 40PC;0,000;BISCUITS;saida ;13,787;7,274;19,000;17,600;14,790;;;;02/11/2023;11/11/2023;0,000;;
002002013;7909990000140;CROUSTINA BLACK/WHITE PF SAIDA 40PC;0,000;BISCUITS;saida ;13,787;7,274;19,000;17,600;14,790;;;;02/11/2023;11/11/2023;0,000;;
002002014;7909990000157;CROUSTINA CAPPUCCINO PF SAIDA 40PC;0,000;BISCUITS;saida ;13,787;7,274;19,000;17,600;14,790;;;;02/11/2023;11/11/2023;0,000;;
002002015;7909990000164;MAJOR VANIELLE SAIDA 20PC;0,000;BISCUITS;saida ;21,784;7,241;19,000;27,800;23,361;;;;02/11/2023;04/11/2023;0,000;;
002002016;7909990000195;GAUFRETTES CHOCOLAT SAIDA 24PC;0,000;BISCUITS;saida ;17,372;7,388;19,000;22,200;18,655;;;;02/11/2023;11/11/2023;0,000;;
002002017;7909990000201;GAUFRETTES CHOCOLAT NOIR SAIDA 24PC;0,000;BISCUITS;saida ;17,372;7,388;19,000;22,200;18,655;;;;02/11/2023;11/11/2023;0,000;;
002002018;7909990000218;GAUFRETTES VANILLE SAIDA 24PC;0,000;BISCUITS;saida ;17,372;7,388;19,000;22,200;18,655;;;;02/11/2023;04/11/2023;0,000;;
002002019;7909990000225;GAUFRETTES NOISETTE SAIDA 24PC;0,000;BISCUITS;saida ;17,372;7,388;19,000;22,200;18,655;;;;02/11/2023;11/11/2023;0,000;;
002002020;7909990000232;GAUFRETTES FRAISE SAIDA 24PC;0,000;BISCUITS;saida ;17,372;7,388;19,000;22,200;18,655;;;;02/11/2023;11/11/2023;0,000;;
002002021;7909990000249;BISCUIT EXTRA 24 SAIDA 20PC;0,000;BISCUITS;saida ;27,988;7,189;19,000;35,700;30,000;;;;02/11/2023;11/11/2023;0,000;;
002002022;7909990000256;BISCUIT EXTRA 24 CACAOTE SAIDA 20PC;0,000;BISCUITS;saida ;31,021;7,273;19,000;39,600;33,277;;;;02/11/2023;11/11/2023;0,000;;
002002023;7909990000263;BISCUIT EXTRA 12 SAIDA 30PC;0,000;BISCUITS;saida ;22,542;7,363;19,000;28,800;24,202;;;;02/11/2023;11/11/2023;0,000;;
002002024;7909990000270;KAAK NRM SAIDA10PC;0,000;BISCUITS;saida ;19,302;7,099;19,000;24,600;20,672;;;;02/11/2023;04/11/2023;0,000;;
002002025;7909990000287;FENOUIL NRM SAIDA 10PC;0,000;BISCUITS;saida ;19,302;7,099;19,000;24,600;20,672;;;;02/11/2023;04/11/2023;0,000;;
002002026;7909990000294;SABLITO CHOCOLAT SAIDA 24PC;0,000;BISCUITS;saida ;31,104;7,257;19,000;39,700;33,361;;;;02/11/2023;11/11/2023;0,000;;
002002027;7909990000300;SABLITO TOUT CHOCOLAT SAIDA 24PC;0,000;BISCUITS;saida ;31,104;7,257;19,000;39,700;33,361;;;;02/11/2023;11/11/2023;0,000;;
002002028;7909990000317;SABLITO FRAISE SAIDA 24PC;0,000;BISCUITS;saida ;31,104;7,257;19,000;39,700;33,361;;;;02/11/2023;04/11/2023;0,000;;
002002029;7909990000324;SABLITO ABRICO SAIDA 24PC;0,000;BISCUITS;saida ;31,104;7,257;19,000;39,700;33,361;;;;02/11/2023;11/11/2023;0,000;;
002002030;7909990000331;SABLITO FIGUE SAIDA 24PC;0,000;BISCUITS;saida ;31,104;7,257;19,000;39,700;33,361;;;;02/11/2023;11/11/2023;0,000;;
002002031;7909990000348;COOKIES PEPITE CHOC SAIDA 12PC;0,000;BISCUITS;saida ;20,267;7,183;19,000;25,850;21,723;;;;02/11/2023;11/11/2023;0,000;;
002002032;7909990000355;PRINCE FOIURRE CHOCOLAT SAIDA 20PC;0,000;BISCUITS;saida ;22,060;7,042;19,000;28,100;23,613;;;;02/11/2023;11/11/2023;0,000;;
002002033;7909990000362;PRINCE FOIURRE VANILLE SAIDA 20PC;0,000;BISCUITS;saida ;22,060;7,042;19,000;28,100;23,613;;;;02/11/2023;11/11/2023;0,000;;
002002034;7909990000379;PRINCE POCHON CHOCOLAT SAIDA 35PC;0,000;BISCUITS;saida ;20,997;7,258;19,000;26,800;22,521;;;;02/11/2023;11/11/2023;0,000;;
002002035;7909990000386;PRINCE POCHON VANILLE SAIDA 35PC;0,000;BISCUITS;saida ;20,991;7,289;19,000;26,800;22,521;;;;02/11/2023;04/11/2023;0,000;;
002002036;7909990000393;GAUCHO CHOCOLAT SAIDA 60PC;0,000;BISCUITS;saida ;11,581;7,391;19,000;14,800;12,437;;;;02/11/2023;11/11/2023;0,000;;
002002037;7909990000409;GAUCHO BROWNIE SAIDA 60PC;0,000;BISCUITS;saida ;11,581;7,391;19,000;14,800;12,437;;;;02/11/2023;11/11/2023;0,000;;
002002038;7909990000416;TUC MINI SAIDA 30PC;0,000;BISCUITS;saida ;15,304;7,623;19,000;19,600;16,471;;;;02/11/2023;04/11/2023;0,000;;
002002039;7909990000423;TUC POCKET SAIDA 24PC;0,000;BISCUITS;saida ;12,409;7,675;19,000;15,900;13,361;;;;02/11/2023;11/11/2023;0,000;;
002002040;7909990000430;OXO 140GR BLACK GM SAIDA 20PC;0,000;BISCUITS;saida ;24,817;7,340;19,000;31,700;26,639;;;;02/11/2023;11/11/2023;0,000;;
002002041;7909990000447;OXO 56GR BLACK PM SAIDA 24PC;0,000;BISCUITS;saida ;14,394;8,005;19,000;18,500;15,546;;;;02/11/2023;11/11/2023;0,000;;
002002042;7909990000454;BISCUITE TUNGO SAIDA 20PC;0,000;BISCUITS;saida ;21,646;7,536;19,000;27,700;23,277;;;;02/11/2023;11/11/2023;0,000;;
002002043;7909990000461;TARTELETTES CHOCOLAT SAIDA 20PC;0,000;BISCUITS;saida ;24,817;7,340;19,000;31,700;26,639;;;;02/11/2023;11/11/2023;0,000;;
002002044;7909990000478;PALET AU BEURRE PM SAIDA 24PC;0,000;BISCUITS;saida ;11,085;8,406;19,000;14,300;12,017;;;;02/11/2023;11/11/2023;0,000;;
002002045;7909990000485;PALET AU BEURRE GM SAIDA 20PC;0,000;BISCUITS;saida ;23,714;7,372;19,000;30,300;25,462;;;;02/11/2023;11/11/2023;0,000;;
002002046;7909990000492;PALET AU BEURRE PEPIT CHOC PM SAIDA 24PC;0,000;BISCUITS;saida ;15,552;8,068;19,000;20,000;16,807;;;;02/11/2023;04/11/2023;0,000;;
002002047;7909990005480;MAJOR CARAMEL SAIDA 20PC;0,000;BISCUITS;saida ;21,784;7,241;19,000;27,800;23,361;;;;11/11/2023;11/11/2023;0,000;;
002003001;7909990000669;CHOCOTOM VANILLE TOM 20PC;0,000;BISCUITS;TOM;22,676;6,728;19,000;28,800;24,202;;;;03/11/2023;20/11/2023;0,000;;
002003003;7909990000683;CHOCOTOM CHOCOLAT TOM 20PC;0,000;BISCUITS;TOM;22,676;6,728;19,000;28,800;24,202;;;;03/11/2023;20/11/2023;0,000;;
002003004;7909990000690;CHOCOTOM LAIT CACAO TOM 20PC;0,000;BISCUITS;TOM;22,676;6,728;19,000;28,800;24,202;;;;03/11/2023;20/11/2023;0,000;;
002003005;7909990000706;CHOCOTOM FRAISE TOM 20PC;0,000;BISCUITS;TOM;22,676;6,728;19,000;28,800;24,202;;;;03/11/2023;20/11/2023;0,000;;
002003006;7909990000713;CHOCOTOM VANILLE TOM 20PC;0,000;BISCUITS;TOM;22,676;6,728;19,000;28,800;24,202;;;;03/11/2023;20/11/2023;0,000;;
002003007;7909990000720;CROQUETTE 56GR TOM 24PC;0,000;BISCUITS;TOM;9,012;10,031;19,000;11,800;9,916;;;;03/11/2023;04/11/2023;0,000;;
002003008;7909990000737;CROQUETTE 110GR TOM 12PC;0,000;BISCUITS;TOM;9,012;10,031;19,000;11,800;9,916;;;;03/11/2023;04/11/2023;0,000;;
002003009;7909990000744;CROQUETTE 215GR TOM 12PC;0,000;BISCUITS;TOM;15,187;9,005;19,000;19,700;16,555;;;;03/11/2023;04/11/2023;0,000;;
002003010;7909990000751;GAUFRETTE CHOCOLAT TOM 24PC;0,000;BISCUITS;TOM;15,898;11,002;19,000;21,000;17,647;;;;03/11/2023;11/11/2023;0,000;;
002003011;7909990000768;GAUFRETTE CHOCOTOM TOM 21PC;0,000;BISCUITS;TOM;20,582;9,421;19,000;26,800;22,521;;;;03/11/2023;20/11/2023;0,000;;
002003012;7909990000775;RINGO 70GR TOM 24PC;0,000;BISCUITS;TOM;16,840;5,192;22,500;21,700;17,714;;;;03/11/2023;11/11/2023;0,000;;
002003013;7909990000782;RINGO 35GR TOM 48PC;0,000;BISCUITS;TOM;17,682;7,882;19,000;22,700;19,076;;;;03/11/2023;11/11/2023;0,000;;
002003014;7909990000799;TURBO CHOCOLAT TOM 40PC;0,000;BISCUITS;TOM;9,300;10,238;19,000;12,200;10,252;;;;03/11/2023;11/11/2023;0,000;;
002003015;7909990000805;CHOCOTOON TOM 20PC;0,000;BISCUITS;TOM;20,588;8,165;19,000;26,500;22,269;;;;03/11/2023;11/11/2023;0,000;;
002003016;7909990000812;CHUNKOS PEPITE CHOCO 40GR TOM 36PC;0,000;BISCUITS;TOM;14,112;8,377;19,000;18,200;15,294;;;;03/11/2023;04/11/2023;0,000;;
002003017;7909990000829;CHUNKOS PEPITE CHOCO 80GR TOM 20PC;0,000;BISCUITS;TOM;15,000;8,683;19,000;19,400;16,303;;;;03/11/2023;04/11/2023;0,000;;
002006001;7909990000973;BINTO CHOCOLAT KIF 20PC;0,000;BISCUITS;KIF;21,370;8,139;19,000;27,500;23,109;;;;03/11/2023;11/11/2023;0,000;;
002006002;7909990000997;STAR CIGARE KIF 20PC;0,000;BISCUITS;KIF;17,116;8,012;19,000;22,000;18,487;;;;03/11/2023;11/11/2023;0,000;;
002006003;7909990001017;TIGATO NOISETTE KIF 20PC;0,000;BISCUITS;KIF;23,647;7,676;19,000;30,300;25,462;;;;03/11/2023;04/11/2023;0,000;;
002006004;7909990001024;TIGATO LAIT KIF 20PC;0,000;BISCUITS;KIF;23,647;7,676;19,000;30,300;25,462;;;;03/11/2023;04/11/2023;0,000;;
002006005;7909990001048;SMILE CHOCOLAT KIF 20PC;0,000;BISCUITS;KIF;20,701;9,198;19,000;26,900;22,605;;;;03/11/2023;11/11/2023;0,000;;
002006006;7909990001055;SMILE NOISETTE KIF 20PC;0,000;BISCUITS;KIF;20,701;9,198;19,000;26,900;22,605;;;;03/11/2023;04/11/2023;0,000;;
002006007;7909990001062;SMILE FRAISE KIF 20PC;0,000;BISCUITS;KIF;20,701;9,198;19,000;26,900;22,605;;;;03/11/2023;04/11/2023;0,000;;
002006008;7909990001079;SMILE LAIT KIF 20PC;0,000;BISCUITS;KIF;20,701;9,198;19,000;26,900;22,605;;;;03/11/2023;04/11/2023;0,000;;
002006009;7909990001086;DCROC TIRAMISOU KIF 20PC;0,000;BISCUITS;KIF;22,924;8,140;19,000;29,500;24,790;;;;03/11/2023;04/11/2023;0,000;;
002006010;7909990001093;DCROC CHOCOLAT KIF 20PC;0,000;BISCUITS;KIF;22,924;8,140;19,000;29,500;24,790;;;;03/11/2023;04/11/2023;0,000;;
002006011;7909990001116;DCROC CAPUCCINO KIF 20PC;0,000;BISCUITS;KIF;22,924;8,140;19,000;29,500;24,790;;;;03/11/2023;04/11/2023;0,000;;
002010001;7909990005442;CIGAER ZOOM LE PATISSIER 80PC;0,000;BISCUITS;LA PATISSIERE;8,000;12,500;0,000;9,000;9,000;;;;10/11/2023;11/11/2023;0,000;;
002010002;7909990005459;CIGART FLIGHT LE PATISSIER 24PC;0,000;BISCUITS;LA PATISSIERE;5,000;20,000;0,000;6,000;6,000;;;;10/11/2023;11/11/2023;0,000;;
002016001;7909990002625;BARETTE TRIX 60PC;0,000;BISCUITS;SOUK;13,500;18,519;0,000;16,000;16,000;;;;07/11/2023;07/11/2023;0,000;;
002016002;7909990002663;BISCUIT BREAKTIME 700GR;0,000;BISCUITS;SOUK;3,200;25,000;0,000;4,000;4,000;;;;07/11/2023;11/11/2023;0,000;;
002016003;7909990005695;COOKIES PALM DOR 10PC;0,000;BISCUITS;SOUK;9,500;10,526;0,000;10,500;10,500;;;;15/11/2023;15/11/2023;0,000;;
002026001;7909990003806;GAUFRETTE MINI LINGOT 60PC;0,000;BISCUITS;LINGOT;9,613;13,642;19,000;13,000;10,924;;;;09/11/2023;11/11/2023;0,000;;
002026002;7909990003813;GAUFRETTE LINGOT 24PC;0,000;BISCUITS;LINGOT;13,067;18,973;19,000;18,500;15,546;;;;09/11/2023;11/11/2023;0,000;;
002026003;7909990003820;BISCUIT GO_ON LINGOT 20PC;0,000;BISCUITS;LINGOT;18,816;13,885;19,000;25,500;21,429;;;;09/11/2023;11/11/2023;0,000;;
002026004;7909990003837;BISCUIT PRIMO LINGOT 20PC;0,000;BISCUITS;LINGOT;22,579;13,514;19,000;30,500;25,630;;;;09/11/2023;09/11/2023;0,000;;
002026005;7909990003851;BISKREM DUO 54G*24PC;0,000;BISCUITS;LINGOT;23,420;10,514;19,000;30,800;25,882;;;;09/11/2023;09/11/2023;0,000;;
002026006;7909990003868;BISKREM DUO 85G*24PC;0,000;BISCUITS;LINGOT;36,172;6,866;19,000;46,000;38,655;;;;09/11/2023;11/11/2023;0,000;;
002026007;7909990003875;BISKREM CHOCOLAT 54G*24PC;0,000;BISCUITS;LINGOT;23,420;9,437;19,000;30,500;25,630;;;;09/11/2023;09/11/2023;0,000;;
002026008;7909990003882;BISKREM CHOCOLAT 85G*24PC;0,000;BISCUITS;LINGOT;36,172;6,866;19,000;46,000;38,655;;;;09/11/2023;11/11/2023;0,000;;
002030001;7909990004063;GRAIN DOR CACAO 35G*10PC;0,000;BISCUITS;NESTLE;5,958;10,014;19,000;7,800;6,555;;;;09/11/2023;11/11/2023;0,000;;
002030002;7909990004070;GRAIN DOR MIEL 35G*10PC;0,000;BISCUITS;NESTLE;5,958;10,014;19,000;7,800;6,555;;;;09/11/2023;11/11/2023;0,000;;
002030003;7909990004087;GRAIN DOR CACAO 300G*1PC;0,000;BISCUITS;NESTLE;3,601;9,680;19,000;4,700;3,950;;;;09/11/2023;11/11/2023;0,000;;
002030004;7909990004094;GRAIN DOR MIEL 300G*1PC;0,000;BISCUITS;NESTLE;3,601;9,680;19,000;4,700;3,950;;;;09/11/2023;11/11/2023;0,000;;
002030005;7909990004100;GRAIN DOR CACAO 600G*1PC;0,000;BISCUITS;NESTLE;7,716;10,161;0,000;8,500;8,500;;;;09/11/2023;12/11/2023;0,000;;
002030006;7909990004117;GRAIN DOR MIEL 600G*1PC;0,000;BISCUITS;NESTLE;7,716;10,161;0,000;8,500;8,500;;;;09/11/2023;12/11/2023;0,000;;
003002001;7909990000508;BEIGNET CHOCOLAT SAIDA 24PC;0,000;CAKE;saida ;9,927;8,354;19,000;12,800;10,756;;;;02/11/2023;11/11/2023;0,000;;
003002002;7909990000515;TARTE AMANDE SAIDA 24PC;0,000;CAKE;saida ;12,409;7,675;19,000;15,900;13,361;;;;02/11/2023;11/11/2023;0,000;;
003002003;7909990000522;TARTE FIGUE SAIDA 24PC;0,000;CAKE;saida ;12,409;7,675;19,000;15,900;13,361;;;;02/11/2023;11/11/2023;0,000;;
003002004;7909990000539;TARTE FRAISE SAIDA 24PC;0,000;CAKE;saida ;12,409;7,675;19,000;15,900;13,361;;;;02/11/2023;11/11/2023;0,000;;
003002005;7909990000546;TARTE POMME SAIDA 24PC;0,000;CAKE;saida ;12,409;7,675;19,000;15,900;13,361;;;;02/11/2023;11/11/2023;0,000;;
003002006;7909990000553;TARTE ABRICO SAIDA 24PC;0,000;CAKE;saida ;12,409;7,675;19,000;15,900;13,361;;;;02/11/2023;11/11/2023;0,000;;
003002007;7909990000560;BROWNIE CHOCOLAT SAIDA 30PC;0,000;CAKE;saida ;15,718;9,600;19,000;20,500;17,227;;;;02/11/2023;11/11/2023;0,000;;
003002008;7909990000577;PLUM CAKE SAIDA 30PC;0,000;CAKE;saida ;10,134;8,628;19,000;13,100;11,008;;;;02/11/2023;11/11/2023;0,000;;
003002009;7909990000584;MUFFIN CHOCOLAT SAIDA 36PC;0,000;CAKE;saida ;16,131;9,398;19,000;21,000;17,647;;;;02/11/2023;11/11/2023;0,000;;
003002010;7909990000591;MUFFIN ABRICO SAIDA 36PC;0,000;CAKE;saida ;16,131;9,398;19,000;21,000;17,647;;;;02/11/2023;04/11/2023;0,000;;
003002011;7909990000607;MUFFIN NOISETTE SAIDA 36PC;0,000;CAKE;saida ;16,131;9,398;19,000;21,000;17,647;;;;02/11/2023;11/11/2023;0,000;;
003002012;7909990000614;MUFFIN FRAISE SAIDA 36PC;0,000;CAKE;saida ;16,131;9,398;19,000;21,000;17,647;;;;02/11/2023;04/11/2023;0,000;;
003002013;7909990000621;BREAK VANILLE SAIDA 24PC;0,000;CAKE;saida ;9,099;7,132;19,000;11,600;9,748;;;;03/11/2023;11/11/2023;0,000;;
003002014;7909990000645;BREAK BAR CARAMEL SAIDA 24PC;0,000;CAKE;saida ;12,408;7,006;19,000;15,800;13,277;;;;03/11/2023;11/11/2023;0,000;;
003002015;7909990000652;PRINCE MINI GATEAUX SAIDA 28PC;0,000;CAKE;saida ;12,160;7,115;19,000;15,500;13,025;;;;03/11/2023;11/11/2023;0,000;;
003004001;7909990000836;SNAPY CROISSANT CHOCOLAT BONELLE 20PC;0,000;CAKE;BONELLE;12,730;8,920;19,000;16,500;13,866;;F_22/1000002;STE LAPPETISSANTE S.A (TOM);03/11/2023;11/11/2023;0,000;;
003004002;7909990000843;SNAPY CROISSANT NORMAL BONELLE 20PC;0,000;CAKE;BONELLE;9,495;10,629;19,000;12,500;10,504;;;;03/11/2023;11/11/2023;0,000;;
003005001;7909990000850;MUFFIN CHOCOLAT MOULIN DOR 36PC;0,000;CAKE;MOULIN DOR;20,500;5,000;0,000;21,525;21,525;;;;03/11/2023;11/11/2023;0,000;;
003005002;7909990000867;MUFFIN ABRICO MOULIN DOR 36PC;0,000;CAKE;MOULIN DOR;20,500;5,000;0,000;21,525;21,525;;;;03/11/2023;11/11/2023;0,000;;
003005003;7909990000874;MUFFIN FRAISE MOULIN DOR 36PC;0,000;CAKE;MOULIN DOR;20,500;5,000;0,000;21,525;21,525;;;;03/11/2023;04/11/2023;0,000;;
003005004;7909990000881;BROWNIE MOULIN DOR 30PC;0,000;CAKE;MOULIN DOR;19,500;5,128;0,000;20,500;20,500;;;;03/11/2023;11/11/2023;0,000;;
003005005;7909990000898;BLANDIZ MOULIN DOR 30PC;0,000;CAKE;MOULIN DOR;19,500;5,128;0,000;20,500;20,500;;;;03/11/2023;11/11/2023;0,000;;
003005006;7909990000904;MINI CAKE MOALIN DOR 30PC;0,000;CAKE;MOULIN DOR;12,800;7,813;0,000;13,800;13,800;;;;03/11/2023;11/11/2023;0,000;;
003005007;7909990000911;ROLLO CAKE MOULIN DOR 24PC;0,000;CAKE;MOULIN DOR;17,000;5,882;0,000;18,000;18,000;;;;03/11/2023;11/11/2023;0,000;;
003005008;7909990000928;TARTE AMANDE MOULIN DOR 24PC;0,000;CAKE;MOULIN DOR;15,500;6,452;0,000;16,500;16,500;;;;03/11/2023;11/11/2023;0,000;;
003005009;7909990000935;TARTE FRAISE MOULIN DOR 24PC;0,000;CAKE;MOULIN DOR;15,500;6,452;0,000;16,500;16,500;;;;03/11/2023;11/11/2023;0,000;;
003005010;7909990000942;TARTE ABRICO MOULIN DOR 24PC;0,000;CAKE;MOULIN DOR;15,500;6,452;0,000;16,500;16,500;;;;03/11/2023;11/11/2023;0,000;;
003005011;7909990000959;TARTE POMME MOULIN DOR 24PC;0,000;CAKE;MOULIN DOR;15,500;6,452;0,000;16,500;16,500;;;;03/11/2023;11/11/2023;0,000;;
003005012;7909990000966;TARTE FIGUE MOULIN DOR 24PC;0,000;CAKE;MOULIN DOR;15,500;6,452;0,000;16,500;16,500;;;;03/11/2023;11/11/2023;0,000;;
003005013;7909990001123;DONUTS CHOCOLAT MOULIN DOR 24PC;0,000;CAKE;MOULIN DOR;15,500;6,452;0,000;16,500;16,500;;;;03/11/2023;11/11/2023;0,000;;
003005014;7909990001130;DONUTS TOUT CHOCOLAT MOULIN DOR 24PC;0,000;CAKE;MOULIN DOR;15,500;6,452;0,000;16,500;16,500;;;;03/11/2023;11/11/2023;0,000;;
003005015;7909990001147;DONUTS FRAISE MOULIN DOR 24PC;0,000;CAKE;MOULIN DOR;15,500;6,452;0,000;16,500;16,500;;;;03/11/2023;11/11/2023;0,000;;
003005016;7909990001154;DONUTS VANILLE MOULIN DOR 24PC;0,000;CAKE;MOULIN DOR;15,500;6,452;0,000;16,500;16,500;;;;03/11/2023;11/11/2023;0,000;;
003006001;7909990000980;FOURRE CHOCOLAT KIF 20PC;0,000;BISCUITS;KIF;21,370;8,139;19,000;27,500;23,109;;;;03/11/2023;11/11/2023;0,000;;
003006002;7909990001000;TIGATO CHOCOLAT KIF 20PC;0,000;BISCUITS;KIF;23,647;7,676;19,000;30,300;25,462;;;;03/11/2023;11/11/2023;0,000;;
003007001;7909990001161;MUFFIN CHOCOLAT DAILYN 36PC ;0,000;CAKE;DAILYN;20,500;4,878;0,000;21,500;21,500;;;;03/11/2023;11/11/2023;0,000;;
003007002;7909990001178;BAROWNIE DAILYN 30PC;0,000;CAKE;DAILYN;19,950;5,263;0,000;21,000;21,000;;;;03/11/2023;11/11/2023;0,000;;
003007003;7909990001185;TARTE DAILYN 24PC;0,000;CAKE;DAILYN;15,500;6,452;0,000;16,500;16,500;;;;03/11/2023;11/11/2023;0,000;;
003007004;7909990001192;TCM DAILYN 30PC;0,000;CAKE;DAILYN;14,500;9,655;0,000;15,900;15,900;;;;03/11/2023;11/11/2023;0,000;;
003010001;7909990003738;TCM CAKE LE PATISSIER 24PC;0,000;CAKE;LA PATISSIERE;10,840;15,314;0,000;12,500;12,500;;;;09/11/2023;11/11/2023;0,000;;
003010002;7909990003745;MINI CAKE JOJO LE PATISSIER 50PC;0,000;CAKE;LA PATISSIERE;20,000;10,000;0,000;22,000;22,000;;;;09/11/2023;11/11/2023;0,000;;
003010003;7909990003752;GROPAGE MUFFIN PEPIT CHOC LE PATISSIER 8PC;0,000;CAKE;LA PATISSIERE;24,500;10,204;0,000;27,000;27,000;;;;09/11/2023;11/11/2023;0,000;;
003010004;7909990003769;GROPAGE MUFFIN VANILLE LE PATISSIER 8PC;0,000;CAKE;LA PATISSIERE;22,500;11,111;0,000;25,000;25,000;;;;09/11/2023;11/11/2023;0,000;;
003010005;7909990003776;MADELAINE AMANDE LE PATISSIERE 300GR 10PC;0,000;CAKE;LA PATISSIERE;31,000;9,677;0,000;34,000;34,000;;;;09/11/2023;11/11/2023;0,000;;
003010006;7909990003783;MADELAINE VANILLE LE PATISSIERE 200GR 10PC;0,000;CAKE;LA PATISSIERE;18,500;10,811;0,000;20,500;20,500;;;;09/11/2023;09/11/2023;0,000;;
003010007;7909990003790;MADELAINE VANILLE LE PATISSIERE 400GR 10PC;0,000;CAKE;LA PATISSIERE;28,500;12,281;0,000;32,000;32,000;;;;09/11/2023;11/11/2023;0,000;;
003036001;7909990005466;BROWNIS BOLERIO 30PC;0,000;CAKE;BOLERIO;16,800;14,881;0,000;19,300;19,300;;;;11/11/2023;11/11/2023;0,000;;
003036002;7909990005473;SUPER CAKE BOLERIO 30PC;0,000;CAKE;BOLERIO;11,760;13,095;0,000;13,300;13,300;;;;11/11/2023;11/11/2023;0,000;;
004008001;7909990001208;CREME DESSERT AROM VANOISE 25PC;0,000;CREME;VANOISE;11,400;9,833;19,000;14,900;12,521;;;;04/11/2023;04/11/2023;0,000;;
004008002;7909990001215;CREME DESSERT CHOCOLAT VANOISE 25PC;0,000;CREME;VANOISE;12,200;7,453;19,000;15,600;13,109;;;;04/11/2023;04/11/2023;0,000;;
004008003;7909990001253;AMIDON VANOISE 10PC;0,000;CREME;VANOISE;14,700;11,473;19,000;19,500;16,387;;;;04/11/2023;11/11/2023;0,000;;
004008004;7909990001260;CREME CHANTILLY VANOISE 10PC;0,000;CREME;VANOISE;18,500;9,017;19,000;24,000;20,168;;;;04/11/2023;04/11/2023;0,000;;
004008005;7909990001277;LAIT CONCENTRE 395GR VANOISE 1PC;0,000;CREME;VANOISE;5,700;10,571;19,000;7,500;6,303;;;;04/11/2023;11/11/2023;0,000;;
004008006;7909990001284;CHOCOLAT CHAUD VANOISE 24PC;0,000;CREME;VANOISE;14,700;14,331;19,000;20,000;16,807;;;;04/11/2023;11/11/2023;0,000;;
004009001;7909990001291;CREME DESSERT CHOCOLAT SMART CHEF 24PC;0,000;CREME;SMART CHEF;10,200;19,460;19,000;14,500;12,185;;;;04/11/2023;11/11/2023;0,000;;
004009002;7909990001345;CREME CHANTILLY SMART CHEF 8PC;0,000;CREME;SMART CHEF;8,900;46,351;19,000;15,500;13,025;;;;04/11/2023;11/11/2023;0,000;;
004010001;7909990001369;CREME DESERT AROME LA PATISSIERE 20PC;0,000;CREME;LA PATISSIERE;11,500;9,609;19,000;15,000;12,605;;F_22/1000007;BEST BRANDS S.A;04/11/2023;11/11/2023;0,000;;
005008001;7909990001222;LEVURE GATAUX VANOISE 5*10PC;0,000;LEVURE;VANOISE;14,150;6,898;19,000;18,000;15,126;;;;04/11/2023;11/11/2023;0,000;;
005008002;7909990001239;LEVURE BOULANGER VANOISE 5*10PC;0,000;LEVURE;VANOISE;12,200;6,764;19,000;15,500;13,025;;;;04/11/2023;17/11/2023;0,000;;
005009001;7909990001314;LEVURE GATAUX SMART CHEF 100PC;0,000;LEVURE;SMART CHEF;9,400;38,566;19,000;15,500;13,025;;;;04/11/2023;11/11/2023;0,000;;
005009002;7909990001321;LEVURE BOULANGER SMART CHEF 50PC;0,000;LEVURE;SMART CHEF;8,900;46,351;19,000;15,500;13,025;;;;04/11/2023;04/11/2023;0,000;;
005010001;7909990001383;LEVURE GATAUX LA PATISSIERE 80PC;0,000;LEVURE;LA PATISSIERE;13,500;8,932;19,000;17,500;14,706;;;;04/11/2023;11/11/2023;0,000;;
005010002;7909990001390;LEVURE BOULANGER LA PATISSIERE 44PC;0,000;LEVURE;LA PATISSIERE;11,647;8,226;19,000;15,000;12,605;;;;04/11/2023;11/11/2023;0,000;;
006001001;7909990001246;SUCRE VANILLE VANOISE 5*10PC;0,000;SUCRE;Marque;9,700;29,949;19,000;15,000;12,605;;;;04/11/2023;11/11/2023;0,000;;
006009001;7909990001338;SUCRE VANILLE SMART CHEF 100PC;0,000;SUCRE;SMART CHEF;10,800;12,823;19,000;14,500;12,185;;;;04/11/2023;04/11/2023;0,000;;
006010001;7909990001376;SUCRE VANILLE LA PATISSIERE 80PC;0,000;SUCRE;LA PATISSIERE;7,000;44,058;19,000;12,000;10,084;;;;04/11/2023;11/11/2023;0,000;;
007009001;7909990001352;JUS EN POUDRE FRESCO 24PC;0,000;JUS;SMART CHEF;5,593;24,706;19,000;8,300;6,975;;;;04/11/2023;11/11/2023;0,000;;
007012001;7909990002120;JUS KIDZ 12ML*30PC;0,000;JUS;KIDZ;9,250;13,559;19,000;12,500;10,504;;F_22/1000004;SOTUCHOC;05/11/2023;11/11/2023;0,000;;
007016001;7909990003844;JUS RANI 1L;0,000;JUS;SOUK;16,214;8,838;19,000;21,000;17,647;;;;09/11/2023;11/11/2023;0,000;;
007016002;7909990004995;THON SIDI ALI 400GR;0,000;THON;SOUK;8,000;10,000;0,000;8,800;8,800;;;;09/11/2023;11/11/2023;0,000;;
007031001;7909990004896;CELESTIA NORMAL 25CL*6PC;0,000;JUS;COCA;7,500;20,000;0,000;9,000;9,000;;;;09/11/2023;11/11/2023;0,000;;
007032001;7909990004834;JUS OH POIRE 25CL*24PC;0,000;JUS;VIVA;24,000;12,500;0,000;27,000;27,000;;;;09/11/2023;11/11/2023;0,000;;
007032002;7909990004841;JUS OH ORANGE BANANE 25CL*24PC;0,000;JUS;VIVA;24,000;12,500;0,000;27,000;27,000;;;;09/11/2023;11/11/2023;0,000;;
007032003;7909990004858;JUS OH ORANGE BANANE 1L*6PC;0,000;JUS;VIVA;18,065;10,711;0,000;20,000;20,000;;;;09/11/2023;11/11/2023;0,000;;
007032004;7909990004865;JUS TROPICO 20CL*24PC;0,000;JUS;VIVA;17,300;9,827;0,000;19,000;19,000;;;;09/11/2023;11/11/2023;0,000;;
007032005;7909990004872;JUS TROPICO 1L*6PC;0,000;JUS;VIVA;16,580;10,374;0,000;18,300;18,300;;;;09/11/2023;09/11/2023;0,000;;
007032006;7909990004889;JUS DIVA 1L*6PC;0,000;JUS;VIVA;16,580;10,374;0,000;18,300;18,300;;;;09/11/2023;11/11/2023;0,000;;
007032007;7909990005497;OH POIRE 1L*6PC;0,000;JUS;VIVA;19,065;1 001,495;0,000;210,000;210,000;;;;11/11/2023;11/11/2023;0,000;;
007033001;7909990004902;JUS BNINO TROPICAL PET 25CL*12PC;0,000;JUS;STIL;12,050;12,033;0,000;13,500;13,500;;;;09/11/2023;11/11/2023;0,000;;
007033002;7909990004919;JUS STIL PACK 20CL*24PC;0,000;JUS;STIL;18,000;8,333;0,000;19,500;19,500;;;;09/11/2023;11/11/2023;0,000;;
007033003;7909990004926;JUS MONGUE STIL 1L*6PC;0,000;JUS;STIL;16,100;11,180;0,000;17,900;17,900;;;;09/11/2023;11/11/2023;0,000;;
007033004;7909990004933;JUS COCKTAIL STIL 1L*6PC;0,000;JUS;STIL;16,100;11,180;0,000;17,900;17,900;;;;09/11/2023;11/11/2023;0,000;;
007033005;7909990004940;JUS ANANS STIL 1L*6PC;0,000;JUS;STIL;16,100;6,211;0,000;17,100;17,100;;;;09/11/2023;11/11/2023;0,000;;
007033006;7909990004957;JUS ORANGE STIL 1L*6PC;0,000;JUS;STIL;16,100;11,180;0,000;17,900;17,900;;;;09/11/2023;09/11/2023;0,000;;
007033007;7909990004964;JUS COCKTAIL STIL 2L*6PC;0,000;JUS;STIL;26,000;10,000;0,000;28,600;28,600;;;;09/11/2023;09/11/2023;0,000;;
007033008;7909990004971;JUS ORANGE STIL 2L*6PC;0,000;JUS;STIL;26,000;10,000;0,000;28,600;28,600;;;;09/11/2023;11/11/2023;0,000;;
008011001;7909990001406;TRIS LAIT SAID 24PC;0,000;CHOCOLAT;SAID;21,405;7,177;19,000;27,300;22,941;;;;05/11/2023;11/11/2023;0,000;;
008011002;7909990001413;TRIS CROQUANT SAID 24PC;0,000;CHOCOLAT;SAID;21,405;7,177;19,000;27,300;22,941;;;;05/11/2023;11/11/2023;0,000;;
008011003;7909990001420;TRIS JUNIOR DRAGE SAID 24PC;0,000;CHOCOLAT;SAID;21,405;7,177;19,000;27,300;22,941;;;;05/11/2023;11/11/2023;0,000;;
008011004;7909990001437;TRIS NOISETTE SAID 24PC;0,000;CHOCOLAT;SAID;22,198;7,134;19,000;28,300;23,782;;;;05/11/2023;11/11/2023;0,000;;
008011005;7909990001444;MAESTRO MINI LAIT 24PC;0,000;CHOCOLAT;SAID;21,405;7,177;19,000;27,300;22,941;;;;05/11/2023;11/11/2023;0,000;;
008011006;7909990001451;MAESTRO MINI NOIR 24PC;0,000;CHOCOLAT;SAID;21,405;7,177;19,000;27,300;22,941;;;;05/11/2023;11/11/2023;0,000;;
008011007;7909990001468;MAESTRO MINI LAIT NOISETTE 24PC;0,000;CHOCOLAT;SAID;22,198;7,134;19,000;28,300;23,782;;;;05/11/2023;11/11/2023;0,000;;
008011008;7909990001482;MAESTRO TAB NOIR10PC;0,000;CHOCOLAT;SAID;25,104;8,122;19,000;32,300;27,143;;;;05/11/2023;11/11/2023;0,000;;
008011009;7909990001505;MAESTRO TAB LAIT AMANDE 10PC;0,000;CHOCOLAT;SAID;25,765;8,609;19,000;33,300;27,983;;;;05/11/2023;11/11/2023;0,000;;
008011010;7909990001512;MAESTRO TAB NOIR NOISETTE 10PC;0,000;CHOCOLAT;SAID;25,765;8,609;19,000;33,300;27,983;;;;05/11/2023;11/11/2023;0,000;;
008011011;7909990001529;CLUB NOISETTE 18PC;0,000;CHOCOLAT;SAID;17,838;7,409;19,000;22,800;19,160;;;;05/11/2023;11/11/2023;0,000;;
008011012;7909990001536;CLUB SPECULOS 18PC;0,000;CHOCOLAT;SAID;17,838;7,409;19,000;22,800;19,160;;;;05/11/2023;11/11/2023;0,000;;
008011013;7909990001543;CLUB CARAMEL 18PC;0,000;CHOCOLAT;SAID;17,838;7,409;19,000;22,800;19,160;;;;05/11/2023;11/11/2023;0,000;;
008011014;7909990001550;CLUB CUPPUCINO 18PC;0,000;CHOCOLAT;SAID;17,838;7,409;19,000;22,800;19,160;;;;05/11/2023;11/11/2023;0,000;;
008011015;7909990001567;CLUB CORNFLAKES 18PC;0,000;CHOCOLAT;SAID;17,838;7,409;19,000;22,800;19,160;;;;05/11/2023;11/11/2023;0,000;;
008011016;7909990001581;KROSS FRAISE 24PC;0,000;CHOCOLAT;SAID;4,963;10,058;19,000;6,500;5,462;;;;05/11/2023;11/11/2023;0,000;;
008011017;7909990001598;KROSS LAIT 24PC;0,000;CHOCOLAT;SAID;4,963;10,058;19,000;6,500;5,462;;;;05/11/2023;11/11/2023;0,000;;
008011018;7909990001604;KROSS BANANE  24PC;0,000;CHOCOLAT;SAID;4,963;10,058;19,000;6,500;5,462;;;;05/11/2023;11/11/2023;0,000;;
008011019;7909990001611;MOMENTO 24PC;0,000;CHOCOLAT;SAID;15,724;7,420;19,000;20,100;16,891;;;;05/11/2023;11/11/2023;0,000;;
008011020;7909990001628;DCLIC 24PC;0,000;CHOCOLAT;SAID;15,595;8,309;19,000;20,100;16,891;;;;05/11/2023;11/11/2023;0,000;;
008011021;7909990001635;XPLOSE CARAMEL 24PC;0,000;CHOCOLAT;SAID;15,724;7,420;19,000;20,100;16,891;;;;05/11/2023;11/11/2023;0,000;;
008011022;7909990001642;XPLOSE TRIPLE CHOCOLAT 24PC;0,000;CHOCOLAT;SAID;15,724;7,420;19,000;20,100;16,891;;;;05/11/2023;11/11/2023;0,000;;
008011023;7909990001659;DUO CHOCOLAT 24PC;0,000;CHOCOLAT;SAID;8,720;7,933;19,000;11,200;9,412;;;;05/11/2023;11/11/2023;0,000;;
008011024;7909990001666;CRISPO CHOCOLAT 24PC;0,000;CHOCOLAT;SAID;15,858;8,632;19,000;20,500;17,227;;;;05/11/2023;11/11/2023;0,000;;
008011025;7909990001673;PATE A GLACER SAID 1KG ;0,000;CHOCOLAT;SAID;8,883;8,791;19,000;11,500;9,664;;;;05/11/2023;05/11/2023;0,000;;
008011026;7909990001680;PATE A GLACER SAID 2.1KG;0,000;CHOCOLAT;SAID;16,482;9,618;19,000;21,500;18,067;;;;05/11/2023;05/11/2023;0,000;;
008011027;7909990001697;NAPOLITAINS LAIT 150PC;0,000;CHOCOLAT;SAID;25,914;7,661;19,000;33,200;27,899;;;;05/11/2023;11/11/2023;0,000;;
008011028;7909990001703;NAPOLITAINS NOIR 150PC;0,000;CHOCOLAT;SAID;25,914;7,661;19,000;33,200;27,899;;;;05/11/2023;11/11/2023;0,000;;
008011029;7909990001710;HELEN CACAO SAID 100PC;0,000;CHOCOLAT;SAID;13,787;8,493;19,000;17,800;14,958;;;;05/11/2023;11/11/2023;0,000;;
008011030;7909990001727;BABY LAIT SAID 100PC;0,000;CHOCOLAT;SAID;13,787;8,493;19,000;17,800;14,958;;;;05/11/2023;11/11/2023;0,000;;
008011031;7909990001734;FIDJI TANDEM 24PC;0,000;CHOCOLAT;SAID;6,088;7,665;19,000;7,800;6,555;;;;05/11/2023;11/11/2023;0,000;;
008011032;7909990001741;FIDJI GRINTA 24PC;0,000;CHOCOLAT;SAID;6,088;7,665;19,000;7,800;6,555;;;;05/11/2023;11/11/2023;0,000;;
008011033;7909990001758;MELODY CHOCOLAT 145PC;0,000;CHOCOLAT;SAID;14,369;9,362;19,000;18,700;15,714;;;;05/11/2023;05/11/2023;0,000;;
008011034;7909990001765;PASSION CHOCOLAT NOIR  20PC;0,000;CHOCOLAT;SAID;7,664;8,551;19,000;9,900;8,319;;;;05/11/2023;11/11/2023;0,000;;
008011035;7909990001772;PASSION CHOCOLAT ORANGE 20PC;0,000;CHOCOLAT;SAID;7,664;8,551;19,000;9,900;8,319;;;;05/11/2023;11/11/2023;0,000;;
008011036;7909990001789;PASSION CHOCOLAT CARAMEL  20PC;0,000;CHOCOLAT;SAID;7,664;8,551;19,000;9,900;8,319;;;;05/11/2023;11/11/2023;0,000;;
008011037;7909990001796;PASSION CHOCOLAT NOISETTE 20PC;0,000;CHOCOLAT;SAID;7,664;8,551;19,000;9,900;8,319;;;;05/11/2023;11/11/2023;0,000;;
008011038;7909990001802;FIDJI TAB CHOCOLAT 12PC;0,000;CHOCOLAT;SAID;14,080;10,413;19,000;18,500;15,546;;;;05/11/2023;11/11/2023;0,000;;
008011039;7909990001819;CHOCOLAT CHAUD DOZE SAID 24PC;0,000;CHOCOLAT;SAID;12,557;10,421;19,000;16,500;13,866;;;;05/11/2023;11/11/2023;0,000;;
008011040;7909990001826;CREME CHOCOLAT NOUTY 150G*6PC;0,000;CHOCOLAT;SAID;11,891;8,125;19,000;15,300;12,857;;;;05/11/2023;11/11/2023;0,000;;
008011041;7909990001833;CREME CHOCOLAT SAID 18G*48PC;0,000;CHOCOLAT;SAID;14,890;8,922;19,000;19,300;16,218;;;;05/11/2023;11/11/2023;0,000;;
008011042;7909990001840;CREME CHOCOLAT SAID 180G*6PC;0,000;CHOCOLAT;SAID;17,166;7,208;19,000;21,900;18,403;;;;05/11/2023;11/11/2023;0,000;;
008011043;7909990001857;CREME CHOCOLAT NOISETTE SAID 1KG*1PC;0,000;CHOCOLAT;SAID;8,754;8,474;19,000;11,300;9,496;;;;05/11/2023;11/11/2023;0,000;;
008011044;7909990001864;CREME CHOCOLAT NOISETTE SAID 500G*1PC;0,000;CHOCOLAT;SAID;5,060;9,609;19,000;6,600;5,546;;;;05/11/2023;11/11/2023;0,000;;
008011045;7909990001871;CREME CHOCOLAT BISCUIT SAID JUNIOR 24PC;0,000;CHOCOLAT;SAID;25,369;7,655;19,000;32,500;27,311;;;;05/11/2023;11/11/2023;0,000;;
008011046;7909990001888;CHOCOLINE DOSE 13G*50PC;0,000;CHOCOLAT;SAID;12,753;7,406;19,000;16,300;13,697;;;;05/11/2023;11/11/2023;0,000;;
008011047;7909990001895;CHOCOLINE BOITE 150G*1PC;0,000;CHOCOLAT;SAID;2,482;8,343;19,000;3,200;2,689;;;;05/11/2023;11/11/2023;0,000;;
008011048;7909990001901;CHOCOLINE BOITE 300G*1PC;0,000;CHOCOLAT;SAID;4,274;8,139;19,000;5,500;4,622;;;;05/11/2023;11/11/2023;0,000;;
008011049;7909990001918;CHOCOLINE ETUIS 100G*1PC;0,000;CHOCOLAT;SAID;1,224;9,848;19,000;1,600;1,345;;;;05/11/2023;11/11/2023;0,000;;
008011050;7909990001925;CHOCOLINE ETUIS 200G*1PC;0,000;CHOCOLAT;SAID;2,068;9,715;19,000;2,700;2,269;;;;05/11/2023;11/11/2023;0,000;;
008013001;7909990002137;CHOCOLAT FESTIVAL DONIA 205PC;0,000;CHOCOLAT;DONIA;18,500;10,811;0,000;20,500;20,500;;;;07/11/2023;11/11/2023;0,000;;
008013002;7909990002144;CHOCOLAT SUPER MAX DONIA 230PC;0,000;CHOCOLAT;DONIA;20,700;10,628;0,000;22,900;22,900;;;;07/11/2023;11/11/2023;0,000;;
008013003;7909990002175;BOITE CHOCOTIME DARK DONIA 1.150KG;0,000;CHOCOLAT;DONIA;14,500;13,793;0,000;16,500;16,500;;;;07/11/2023;11/11/2023;0,000;;
008013004;7909990002182;CHOCOTIME BAR DONIA 24PC;0,000;CHOCOLAT;DONIA;6,000;16,667;0,000;7,000;7,000;;;;07/11/2023;11/11/2023;0,000;;
008013005;7909990002205;BOITE MINI GOODBON DONIA 100PC;0,000;CHOCOLAT;DONIA;5,116;56,372;0,000;8,000;8,000;;;;07/11/2023;11/11/2023;0,000;;
008013006;7909990002267;TUBE GOODBON DONIA 24PC;0,000;CHOCOLAT;DONIA;8,402;13,068;0,000;9,500;9,500;;;;07/11/2023;11/11/2023;0,000;;
008013007;7909990002274;CHOCOLAT SMART ZOO DONIA 24PC;0,000;CHOCOLAT;DONIA;4,300;27,907;0,000;5,500;5,500;;;;07/11/2023;11/11/2023;0,000;;
008013008;7909990002281;CHOCOLAT TAB MAXIMO NOISETTE DONIA 24PC;0,000;CHOCOLAT;DONIA;18,690;12,360;0,000;21,000;21,000;;;;07/11/2023;11/11/2023;0,000;;
008013009;7909990002298;CHOCOLAT TAB MAXIMO LAIT DONIA 24PC;0,000;CHOCOLAT;DONIA;16,990;14,773;0,000;19,500;19,500;;;;07/11/2023;11/11/2023;0,000;;
008013010;7909990002304;BOITE CHOCOBON DONIA 70PC;0,000;CHOCOLAT;DONIA;12,250;14,286;0,000;14,000;14,000;;;;07/11/2023;11/11/2023;0,000;;
008013011;7909990002328;CHOCOLAT CHOCOTIME CARRE DONIA 24PC;0,000;CHOCOLAT;DONIA;16,000;18,750;0,000;19,000;19,000;;;;07/11/2023;11/11/2023;0,000;;
008013012;7909990002366;TUBE CECE BON DONIA 24PC;0,000;CHOCOLAT;DONIA;13,543;10,758;0,000;15,000;15,000;;;;07/11/2023;11/11/2023;0,000;;
009011001;7909990001932;HAPPY FULL DENTIER 70G*12PC;0,000;FALFOUL;SAID;9,910;8,540;19,000;12,800;10,756;;;;05/11/2023;11/11/2023;0,000;;
009011002;7909990001949;HAPPY FULL RINGS 70G*12PC;0,000;FALFOUL;SAID;9,910;8,540;19,000;12,800;10,756;;;;05/11/2023;05/11/2023;0,000;;
009011003;7909990001956;HAPPY FULL FRUIT 70G*12PC;0,000;FALFOUL;SAID;9,910;8,540;19,000;12,800;10,756;;;;05/11/2023;11/11/2023;0,000;;
009011004;7909990001963;HAPPY FULL COEUR 70G*12PC;0,000;FALFOUL;SAID;9,910;8,540;19,000;12,800;10,756;;;;05/11/2023;11/11/2023;0,000;;
009011005;7909990001970;HAPPY FULL CROCO 70G*12PC;0,000;FALFOUL;SAID;9,910;8,540;19,000;12,800;10,756;;;;05/11/2023;11/11/2023;0,000;;
009011006;7909990001987;HAPPY FULL EGZZ 70G*12PC;0,000;FALFOUL;SAID;9,910;8,540;19,000;12,800;10,756;;;;05/11/2023;11/11/2023;0,000;;
009011007;7909990001994;HAPPY FULL LEGO 70G*12PC;0,000;FALFOUL;SAID;9,910;8,540;19,000;12,800;10,756;;;;05/11/2023;05/11/2023;0,000;;
009011008;7909990002007;HAPPY FULL SPIDER 70G*12PC;0,000;FALFOUL;SAID;9,910;8,540;19,000;12,800;10,756;;;;05/11/2023;11/11/2023;0,000;;
009011009;7909990002014;HAPPY FULL WORMS 70G*12PC;0,000;FALFOUL;SAID;9,910;8,540;19,000;12,800;10,756;;;;05/11/2023;05/11/2023;0,000;;
009011010;7909990002021;HAPPY FULL DENTIER 30G*24PC;0,000;FALFOUL;SAID;9,513;10,419;19,000;12,500;10,504;;;;05/11/2023;11/11/2023;0,000;;
009011011;7909990002038;HAPPY FULL RINGS 30G*24PC;0,000;FALFOUL;SAID;9,513;10,419;19,000;12,500;10,504;;;;05/11/2023;11/11/2023;0,000;;
009011012;7909990002045;HAPPY FULLCOEUR 30G*24PC;0,000;FALFOUL;SAID;9,513;10,419;19,000;12,500;10,504;;;;05/11/2023;11/11/2023;0,000;;
009011013;7909990002052;HAPPY FULL CROCO 30G*24PC;0,000;FALFOUL;SAID;9,513;10,419;19,000;12,500;10,504;;;;05/11/2023;11/11/2023;0,000;;
009011014;7909990002069;HAPPY FULL EGZZ 30G*24PC;0,000;FALFOUL;SAID;9,513;10,419;19,000;12,500;10,504;;;;05/11/2023;11/11/2023;0,000;;
009011015;7909990002076;HAPPY FULL FRUIT 16G*24PC;0,000;FALFOUL;SAID;6,343;9,960;19,000;8,300;6,975;;;;05/11/2023;11/11/2023;0,000;;
009011016;7909990002083;HAPPY FULL LEGO 16G*24PC;0,000;FALFOUL;SAID;6,343;8,636;19,000;8,200;6,891;;;;05/11/2023;11/11/2023;0,000;;
009011017;7909990002090;FALFOUL DINOSAURE 50PC;0,000;FALFOUL;SAID;11,427;7,368;19,000;14,600;12,269;;;;05/11/2023;11/11/2023;0,000;;
009011018;7909990002106;FALFOUL NOUNOURS 50PC;0,000;FALFOUL;SAID;11,427;7,368;19,000;14,600;12,269;;;;05/11/2023;11/11/2023;0,000;;
009011019;7909990002113;FALFOUL COLA 50PC;0,000;FALFOUL;SAID;11,427;7,368;19,000;14,600;12,269;;;;05/11/2023;05/11/2023;0,000;;
009016001;7909990003691;JELLOPY SOUR TUBE 24PC;0,000;FALFOUL;SOUK;15,800;7,595;0,000;17,000;17,000;;;;09/11/2023;11/11/2023;0,000;;
009022001;7909990005510;FALFOUL JELLINO 14GR*40PC;0,000;FALFOUL;PAPILLON;8,303;10,318;19,000;10,900;9,160;;;;11/11/2023;11/11/2023;0,000;;
009022002;7909990005527;FALFOUL JELLINO 70GR*12PC;0,000;FALFOUL;PAPILLON;9,107;10,728;19,000;12,000;10,084;;;;11/11/2023;11/11/2023;0,000;;
010013001;7909990002151;SURPRISE EGGO GM DONIA 6PC ;0,000;SURPRISE;DONIA;31,000;12,903;0,000;35,000;35,000;;;;07/11/2023;11/11/2023;0,000;;
010013002;7909990002168;BONBON GOODBON VRAC 6KG;0,000;CHOCOLAT;DONIA;47,800;19,247;0,000;57,000;57,000;;;;07/11/2023;11/11/2023;0,000;;
010013003;7909990002199;SURPRISE PANDA GM DONIA 6PC;0,000;SURPRISE;DONIA;26,800;15,672;0,000;31,000;31,000;;;;07/11/2023;11/11/2023;0,000;;
010013004;7909990002243;SURPRISE SMART EGG PM DONIA 24PC;0,000;SURPRISE;DONIA;15,000;20,000;0,000;18,000;18,000;;;;07/11/2023;11/11/2023;0,000;;
010013005;7909990002250;SURPRISE SMART EGG GM DONIA 12PC;0,000;SURPRISE;DONIA;26,500;13,208;0,000;30,000;30,000;;;;07/11/2023;11/11/2023;0,000;;
010013006;7909990002335;SURPRISE MAGIC BALL DONIA 6PC;0,000;SURPRISE;DONIA;20,970;14,449;0,000;24,000;24,000;;;;07/11/2023;11/11/2023;0,000;;
010013007;7909990002373;SURPRISE EXCITE GM DONIA 8PC;0,000;SURPRISE;DONIA;25,080;11,643;0,000;28,000;28,000;;;;07/11/2023;11/11/2023;0,000;;
010016001;7909990002588;SURPRISE BOX CARTON 15/9/6PC;0,000;SURPRISE;SOUK;10,000;20,000;0,000;12,000;12,000;;F_22/1000012;INDUSTRIES ALIMENTAIRES DE TUINS (IAT);07/11/2023;11/11/2023;0,000;;
010016002;7909990002731;SURPRISE MISTO/MISTY/PANDA 12PC;0,000;SURPRISE;SOUK;23,000;15,217;0,000;26,500;26,500;;;;07/11/2023;11/11/2023;0,000;;
010016003;7909990002748;SURPRISE PUZZLE BALL 9PC;0,000;SURPRISE;SOUK;25,000;12,000;0,000;28,000;28,000;;;;07/11/2023;11/11/2023;0,000;;
010016004;7909990002755;SURPRISE CRAZY CAR 9PC;0,000;SURPRISE;SOUK;30,000;10,000;0,000;33,000;33,000;;;;07/11/2023;11/11/2023;0,000;;
010016005;7909990002762;SURPRISE CANDY POP 12PC;0,000;SURPRISE;SOUK;14,000;14,286;0,000;16,000;16,000;;;;07/11/2023;11/11/2023;0,000;;
010016006;7909990003905;SURPRISE HAPPY EGG JUMBO 9PC;0,000;SURPRISE;SOUK;32,000;9,375;0,000;35,000;35,000;;;;09/11/2023;11/11/2023;0,000;;
010016007;7909990003912;SURPRISE CRAZY BALL 9PC;0,000;SURPRISE;SOUK;32,000;9,375;0,000;35,000;35,000;;;;09/11/2023;11/11/2023;0,000;;
010016008;7909990005145;SURPRISE HAPPY DODO 12PC;0,000;SURPRISE;SOUK;35,000;14,286;0,000;40,000;40,000;;;;10/11/2023;11/11/2023;0,000;;
011013001;7909990002212;CHEWINGUM UNIBOL 100PC;0,000;CHEWINGUM;DONIA;9,500;15,789;0,000;11,000;11,000;;;;07/11/2023;11/11/2023;0,000;;
011013002;7909990002229;CHEWINGUM EXIT 200PC;0,000;CHEWINGUM;DONIA;20,520;12,086;0,000;23,000;23,000;;;;07/11/2023;11/11/2023;0,000;;
011013003;7909990002236;CHEWINGUM EXIT MIXTE 5*100PC;0,000;CHEWINGUM;DONIA;72,200;10,803;0,000;80,000;80,000;;;;07/11/2023;11/11/2023;0,000;;
011013004;7909990002342;CHEWINGUM EXIT ENVELOP 20PC;0,000;CHEWINGUM;DONIA;13,000;15,385;0,000;15,000;15,000;;;;07/11/2023;11/11/2023;0,000;;
011013005;7909990002359;CHEWINGUM EXIT DRAGE 20PC;0,000;CHEWINGUM;DONIA;22,500;15,556;0,000;26,000;26,000;;;;07/11/2023;11/11/2023;0,000;;
011013006;7909990002397;CHEWINGUM BATOOK 250PC;0,000;CHEWINGUM;DONIA;31,950;9,546;0,000;35,000;35,000;;;;07/11/2023;11/11/2023;0,000;;
011013007;7909990002403;CHEWINGUM BATOOK 50PC;0,000;CHEWINGUM;DONIA;4,868;43,796;0,000;7,000;7,000;;;;07/11/2023;11/11/2023;0,000;;
011013008;7909990002410;CHEWINGUM NOVA TABLETT 8PC;0,000;CHEWINGUM;DONIA;11,875;9,474;0,000;13,000;13,000;;;;07/11/2023;11/11/2023;0,000;;
011013009;7909990005657;CHEWINGUM GRAGE ORIGUM 20PC;0,000;CHEWINGUM;DONIA;7,500;20,000;0,000;9,000;9,000;;;;14/11/2023;14/11/2023;0,000;;
011016001;7909990002649;LOUBEN ARBI 50PC ;0,000;CHEWINGUM;SOUK;4,500;33,333;0,000;6,000;6,000;;;;07/11/2023;07/11/2023;0,000;;
011016002;7909990002656;LOUBEN MAJOUN 50PC ;0,000;CHEWINGUM;SOUK;4,500;33,333;0,000;6,000;6,000;;;;07/11/2023;07/11/2023;0,000;;
011016003;7909990003653;CHEWINGUM MONDIAL FIFA 100PC;0,000;CHEWINGUM;SOUK;10,500;23,810;0,000;13,000;13,000;;;;09/11/2023;11/11/2023;0,000;;
011016004;7909990003721;CHEWINGUM DRAGEE RELAX 20PC;0,000;CHEWINGUM;SOUK;30,000;10,000;0,000;33,000;33,000;;;;09/11/2023;11/11/2023;0,000;;
011024001;7909990003615;CHEWINGUM FLORIDA TRIKI 7*20PC;0,000;CHEWINGUM;TRIKI;6,875;6,182;0,000;7,300;7,300;;;;09/11/2023;15/11/2023;0,000;;
011024002;7909990003622;CHEWINGUM BALLON TRIKI 200PC;0,000;CHEWINGUM;TRIKI;9,100;7,692;0,000;9,800;9,800;;;;09/11/2023;15/11/2023;0,000;;
011024003;7909990003639;CHEWINGUM SUPER JUMBO TRIKI 450PC;0,000;CHEWINGUM;TRIKI;7,563;16,667;19,000;10,500;8,824;;;;09/11/2023;11/11/2023;0,000;;
011024004;7909990003646;CHEWINGUM MANGO TRIKI 280PC;0,000;CHEWINGUM;TRIKI;12,850;12,840;0,000;14,500;14,500;;;;09/11/2023;15/11/2023;0,000;;
011025001;7909990003677;CHEWINGUM MANTALYS+GENIAL MAX 750GR;0,000;CHEWINGUM;HAZAR;7,000;21,429;0,000;8,500;8,500;;;;09/11/2023;11/11/2023;0,000;;
012013001;7909990002311;STYLOS BOSS 50PC;0,000;RECLAME;DONIA;9,500;26,316;0,000;12,000;12,000;;;;07/11/2023;11/11/2023;0,000;;
012013002;7909990003028;CIRAGE 50ML+SPONG 12PC;0,000;RECLAME;DONIA;16,500;18,182;0,000;19,500;19,500;;;;08/11/2023;11/11/2023;0,000;;
012016001;7909990002687;LAMPE FAWANIS 10PC;0,000;RECLAME;SOUK;10,000;30,000;0,000;13,000;13,000;;;;07/11/2023;11/11/2023;0,000;;
012016002;7909990002694;SUPER GLUE TUBE ELIPHON 9PC;0,000;RECLAME;SOUK;7,000;28,571;0,000;9,000;9,000;;;;07/11/2023;11/11/2023;0,000;;
012016003;7909990002700;SUPER GLUE PATEX BLEU 24PC;0,000;RECLAME;SOUK;20,000;25,000;0,000;25,000;25,000;;;;07/11/2023;07/11/2023;0,000;;
012016004;7909990002717;LAPE NORMAL 10PC;0,000;RECLAME;SOUK;10,000;25,000;0,000;12,500;12,500;;;;07/11/2023;11/11/2023;0,000;;
012016005;7909990002724;CHARBON NORMAL 1PC;0,000;RECLAME;SOUK;0,833;20,048;0,000;1,000;1,000;;;;07/11/2023;11/11/2023;0,000;;
012016006;7909990002823;LAME GILETTE 2L 24PC;0,000;RECLAME;SOUK;21,100;13,744;0,000;24,000;24,000;;;;07/11/2023;11/11/2023;0,000;;
012016007;7909990002830;LAME GILETTE 3L 10PC;0,000;RECLAME;SOUK;19,170;10,589;0,000;21,200;21,200;;;;07/11/2023;11/11/2023;0,000;;
012016008;7909990002847;LAME BIC 1L 36PC;0,000;RECLAME;SOUK;15,750;14,286;0,000;18,000;18,000;;;;07/11/2023;11/11/2023;0,000;;
012016009;7909990002854;PILLE GM MONGLA CARTHAGE 24PC;0,000;RECLAME;SOUK;13,500;18,519;0,000;16,000;16,000;;;;07/11/2023;11/11/2023;0,000;;
012016010;7909990002861;PILLE PM COMANDE CARTHAGE 24PC;0,000;RECLAME;SOUK;13,500;18,519;0,000;16,000;16,000;;;;07/11/2023;11/11/2023;0,000;;
012016011;7909990002878;PILLE CHAUFAUX CARTHAGE 6PC;0,000;RECLAME;SOUK;21,000;9,524;0,000;23,000;23,000;;;;07/11/2023;11/11/2023;0,000;;
012016012;7909990002885;BRIKET NORMAL BTB/SHAREK 50PC;0,000;RECLAME;SOUK;13,500;14,815;0,000;15,500;15,500;;;;07/11/2023;11/11/2023;0,000;;
012016013;7909990002892;BRIKET CRIKET 25PC;0,000;RECLAME;SOUK;20,000;25,000;0,000;25,000;25,000;;;;07/11/2023;11/11/2023;0,000;;
012016014;7909990002908;BRIKET ZINA 25PC ;0,000;RECLAME;SOUK;27,500;12,727;0,000;31,000;31,000;;;;07/11/2023;11/11/2023;0,000;;
012016015;7909990002915;BRIKET CHALIMAUX HEXI 50PC;0,000;RECLAME;SOUK;30,000;16,667;0,000;35,000;35,000;;;;07/11/2023;11/11/2023;0,000;;
012016016;7909990002922;BRIKET CUISINE 25PC;0,000;RECLAME;SOUK;50,000;10,000;0,000;55,000;55,000;;;;07/11/2023;11/11/2023;0,000;;
012016017;7909990002939;CHARGE GAZ BRIKET 25PC ;0,000;RECLAME;SOUK;23,000;21,739;0,000;28,000;28,000;;;;07/11/2023;11/11/2023;0,000;;
012016018;7909990002946;BRIKET CLIPPER 48PC;0,000;RECLAME;SOUK;60,000;8,333;0,000;65,000;65,000;;;;07/11/2023;11/11/2023;0,000;;
012016019;7909990002953;BRIKET BIC GM 50PC;0,000;RECLAME;SOUK;66,000;7,576;0,000;71,000;71,000;;;;07/11/2023;11/11/2023;0,000;;
012016020;7909990002960;BRIKET BIC PM 50PC;0,000;RECLAME;SOUK;50,000;10,000;0,000;55,000;55,000;;;;07/11/2023;11/11/2023;0,000;;
012016021;7909990003035;LAME MAGIC MAX 50PC;0,000;RECLAME;SOUK;13,500;18,519;0,000;16,000;16,000;;;;08/11/2023;11/11/2023;0,000;;
012016022;7909990003042;LAME SUNY 20PC;0,000;RECLAME;SOUK;12,500;20,000;0,000;15,000;15,000;;;;08/11/2023;11/11/2023;0,000;;
012016023;7909990005213;LAMPE LED ECO FAWANIS 1PC;0,000;RECLAME;SOUK;3,400;17,647;0,000;4,000;4,000;;;;10/11/2023;11/11/2023;0,000;;
012016024;7909990005220;LEMPE LED ECO HORSE 1PC;0,000;RECLAME;SOUK;3,200;18,750;0,000;3,800;3,800;;;;10/11/2023;11/11/2023;0,000;;
013013001;7909990002380;BONBON FEST DONIA 200PC;0,000;BONBON;DONIA;13,000;15,385;0,000;15,000;15,000;;;;07/11/2023;11/11/2023;0,000;;
013013002;7909990003011;SUCETTE SIMA BOOM DONIA 48PC;0,000;SUCETTE;DONIA;9,000;44,444;0,000;13,000;13,000;;;;08/11/2023;11/11/2023;0,000;;
013016001;7909990003943;PECTOL 24PC;0,000;BONBON;SOUK;21,000;14,286;0,000;24,000;24,000;;;;09/11/2023;11/11/2023;0,000;;
013016002;7909990005534;BONBON MERANO 200PC;0,000;BONBON;SOUK;11,333;10,297;0,000;12,500;12,500;;;;14/11/2023;15/11/2023;0,000;;
013016003;7909990005541;BONBON MERANO SACHET 24PC;0,000;BONBON;SOUK;14,165;10,131;0,000;15,600;15,600;;;;14/11/2023;15/11/2023;0,000;;
013016004;7909990005558;CHOCOLAT BOOM BASTIC 12PC;0,000;BONBON;SOUK;10,000;10,000;0,000;11,000;11,000;;;;14/11/2023;15/11/2023;0,000;;
013016005;7909990005701;BONBON ECLAIRE 1KG;0,000;BONBON;SOUK;13,000;15,385;0,000;15,000;15,000;;;;20/11/2023;20/11/2023;0,000;;
013016006;7909990005718;BONBON ECLAIRE 220GR;0,000;BONBON;SOUK;3,000;16,667;0,000;3,500;3,500;;;;20/11/2023;20/11/2023;0,000;;
013016007;7909990005725;BONBON KIFKAF 780GR/150PC;0,000;BONBON;SOUK;14,000;14,286;0,000;16,000;16,000;;;;20/11/2023;20/11/2023;0,000;;
013016008;7909990005732;BONBON OREX BOITE 140PC;0,000;BONBON;SOUK;19,000;15,789;0,000;22,000;22,000;;;;20/11/2023;20/11/2023;0,000;;
013016009;7909990005749;BONBON JELLY 1KG;0,000;BONBON;SOUK;13,000;15,385;0,000;15,000;15,000;;;;20/11/2023;20/11/2023;0,000;;
013016010;7909990005756;BONBON FLAIO PILPO 1KG;0,000;BONBON;SOUK;6,500;15,385;0,000;7,500;7,500;;;;20/11/2023;20/11/2023;0,000;;
013016011;7909990005763;BONBON STKERS BOITE 175PC;0,000;BONBON;SOUK;17,000;11,765;0,000;19,000;19,000;;;;20/11/2023;20/11/2023;0,000;;
013022001;7909990003394;BONBON ANANAS PAPILLON 1KG;0,000;BONBON;PAPILLON;6,409;11,450;19,000;8,500;7,143;;;;09/11/2023;11/11/2023;0,000;;
013022002;7909990003400;BONBON ASSORTIE PAPILLON 1KG;0,000;BONBON;PAPILLON;6,409;11,450;19,000;8,500;7,143;;;;09/11/2023;11/11/2023;0,000;;
013022003;7909990003417;BONBON CHAMMIA PAPILLON 1KG;0,000;BONBON;PAPILLON;6,409;11,450;19,000;8,500;7,143;;;;09/11/2023;11/11/2023;0,000;;
013022004;7909990003424;BONBON FRAISE PAPILLON 1KG;0,000;BONBON;PAPILLON;6,409;11,450;19,000;8,500;7,143;;;;09/11/2023;11/11/2023;0,000;;
013022005;7909990003431;BONBON FLAIO PAPILLON 1KG;0,000;BONBON;PAPILLON;6,409;11,450;19,000;8,500;7,143;;;;09/11/2023;11/11/2023;0,000;;
013022006;7909990003448;BONBON OKBA PAPILLON 1KG;0,000;BONBON;PAPILLON;6,409;11,450;19,000;8,500;7,143;;;;09/11/2023;11/11/2023;0,000;;
013022007;7909990003455;BONBON CAFE AU LAIT PAPILLON 1KG;0,000;BONBON;PAPILLON;6,409;11,450;19,000;8,500;7,143;;;;09/11/2023;11/11/2023;0,000;;
013022008;7909990003462;BONBON FROOTS PAPILLON 1KG;0,000;BONBON;PAPILLON;6,409;11,450;19,000;8,500;7,143;;;;09/11/2023;11/11/2023;0,000;;
013022009;7909990003479;BONBON SUITE PAPILLON 750GR;0,000;BONBON;PAPILLON;6,142;10,823;19,000;8,100;6,807;;;;09/11/2023;11/11/2023;0,000;;
013022010;7909990003486;BONBON SOFET PAPILLON 750GR;0,000;BONBON;PAPILLON;6,142;10,823;19,000;8,100;6,807;;;;09/11/2023;11/11/2023;0,000;;
013022011;7909990003493;BONBON CRAMEL CARRE PAPILLON 750GR;0,000;BONBON;PAPILLON;6,142;10,823;19,000;8,100;6,807;;;;09/11/2023;11/11/2023;0,000;;
013022012;7909990003561;BONBON DURE PAPILLON 150GR;0,000;BONBON;PAPILLON;1,272;18,915;19,000;1,800;1,513;;;;09/11/2023;11/11/2023;0,000;;
013022013;7909990003578;BONBON FOURRE PAPILLON 150GR;0,000;BONBON;PAPILLON;1,547;19,505;19,000;2,200;1,849;;;;09/11/2023;11/11/2023;0,000;;
013022014;7909990003585;BONBON MAXI JELLINO PAPILLON 750GR;0,000;BONBON;PAPILLON;7,500;23,249;19,000;11,000;9,244;;;;09/11/2023;11/11/2023;0,000;;
013022015;7909990003936;BONBON BALLON TENDER PAPILLON 109PC;0,000;BONBON;PAPILLON;5,900;18,644;0,000;7,000;7,000;;;;09/11/2023;09/11/2023;0,000;;
013023001;7909990003592;BONBON DURE LE PTIT MOULIN 1KG;0,000;BONBON;LE PETIT MOULIN;6,409;11,450;19,000;8,500;7,143;;;;09/11/2023;11/11/2023;0,000;;
013025001;7909990003660;BONBON MOKA LAIT HAZAR 750GR;0,000;BONBON;HAZAR;6,818;18,803;0,000;8,100;8,100;;;;09/11/2023;11/11/2023;0,000;;
014014001;7909990002427;FRAIDOUX PRESIDENT 120GR 1PC;0,000;FROMAGE;PRESIDENT;2,124;10,779;19,000;2,800;2,353;;F_22/1000011;STE LEMAR TRADING;07/11/2023;11/11/2023;0,000;;
014014002;7909990002434;FRAIDOUX PRESIDENT 240GR 1PC;0,000;FROMAGE;PRESIDENT;3,837;7,314;19,000;4,900;4,118;;;;07/11/2023;11/11/2023;0,000;;
014014003;7909990002441;GOUTER PRESIDENT 40PC;0,000;FROMAGE;PRESIDENT;22,760;9,657;19,000;29,700;24,958;;;;07/11/2023;11/11/2023;0,000;;
014014004;7909990002458;GOUTER PRESIDENT MAX 20PC;0,000;FROMAGE;PRESIDENT;19,992;11,389;19,000;26,500;22,269;;;;07/11/2023;11/11/2023;0,000;;
014014005;7909990002465;CARRE PRESIDENT 336GR 1PC;0,000;FROMAGE;PRESIDENT;7,573;9,855;19,000;9,900;8,319;;;;07/11/2023;11/11/2023;0,000;;
014014006;7909990002472;FROMAGE TRIANGLE PRESIDENT 48PC;0,000;FROMAGE;PRESIDENT;11,670;7,292;19,000;14,900;12,521;;;;07/11/2023;11/11/2023;0,000;;
014014007;7909990002489;FROMAGE TRIANGLE PRESIDENT 24PC;0,000;FROMAGE;PRESIDENT;6,438;7,033;19,000;8,200;6,891;;;;07/11/2023;11/11/2023;0,000;;
014014008;7909990002496;FROMAGE TRIANGLE PRESIDENT 8PC;0,000;FROMAGE;PRESIDENT;2,461;6,536;19,000;3,120;2,622;;;;07/11/2023;11/11/2023;0,000;;
014014009;7909990002502;FROMAGE SLICE RHF PRESIDENT 24PC;0,000;FROMAGE;PRESIDENT;3,555;11,099;19,000;4,700;3,950;;;;07/11/2023;11/11/2023;0,000;;
014015001;7909990002519;FROMAGE RAPE HLOU LANDOR 1KG;0,000;FROMAGE;LANDOR;6,800;17,647;0,000;8,000;8,000;;;;07/11/2023;11/11/2023;0,000;;
014015002;7909990002526;FROMAGE RAPE MELAH LANDOR 1KG;0,000;FROMAGE;LANDOR;6,800;17,647;0,000;8,000;8,000;;;;07/11/2023;11/11/2023;0,000;;
014015003;7909990002533;FROMAGE RAPE GRUYERE LANDOR 1KG;0,000;FROMAGE;LANDOR;25,000;8,000;0,000;27,000;27,000;;;;07/11/2023;11/11/2023;0,000;;
014015004;7909990002540;FROMAGE CHEDAR LANDOR 1PC;0,000;FROMAGE;LANDOR;1,350;11,111;0,000;1,500;1,500;;;;07/11/2023;11/11/2023;0,000;;
015016001;7909990002557;KAKI CHRAIET 90PC;0,000;KAKI;SOUK;7,500;20,000;0,000;9,000;9,000;;;;07/11/2023;07/11/2023;0,000;;
015016002;7909990002595;KAKI AL JAWHEA 50PC;0,000;KAKI;SOUK;6,000;16,667;0,000;7,000;7,000;;;;07/11/2023;07/11/2023;0,000;;
015016003;7909990002632;KAKI MALEK 50PC ;0,000;KAKI;SOUK;5,500;27,273;0,000;7,000;7,000;;;;07/11/2023;07/11/2023;0,000;;
015016004;7909990003684;KAKI TOPKAKI 50PC;0,000;KAKI;SOUK;10,000;15,000;0,000;11,500;11,500;;;;09/11/2023;09/11/2023;0,000;;
015016005;7909990003929;KAKI SANEFER 48PC;0,000;KAKI;SOUK;10,500;14,286;0,000;12,000;12,000;;;;09/11/2023;11/11/2023;0,000;;
016016001;7909990002564;CHIPS MAXX PM 15GR 36PC;0,000;CHIPS;SOUK;20,000;10,000;0,000;22,000;22,000;;;;07/11/2023;07/11/2023;0,000;;
016016002;7909990002571;CHIPS MAXX GM 70GR 12PC;0,000;CHIPS;SOUK;25,000;10,000;0,000;27,500;27,500;;;;07/11/2023;07/11/2023;0,000;;
017017001;7909990002601;MARGARIN JADIDA 100GR ;0,000;BEURE;JADIDA;1,146;21,291;0,000;1,390;1,390;;;;07/11/2023;11/11/2023;0,000;;
017017002;7909990002618;MARGARIN JADIDA 200GR;0,000;BEURE;JADIDA;2,125;16,471;0,000;2,475;2,475;;;;07/11/2023;11/11/2023;0,000;;
017017003;7909990003707;MARGARINE GODET JADIDA 120PC;0,000;BEURE;JADIDA;28,465;8,906;0,000;31,000;31,000;;;;09/11/2023;11/11/2023;0,000;;
018016001;7909990002670;GEL RAYHAN 100PC ;0,000;COSMETIC;SOUK;13,500;14,815;0,000;15,500;15,500;;;;07/11/2023;11/11/2023;0,000;;
018016002;7909990002816;BROSSE A DENT 12PC;0,000;COSMETIC;SOUK;9,000;44,444;0,000;13,000;13,000;;;;07/11/2023;11/11/2023;0,000;;
018016003;7909990002977;DENTIFRICE SIGNAL 25ML 12PC;0,000;COSMETIC;SOUK;13,600;16,176;0,000;15,800;15,800;;;;07/11/2023;11/11/2023;0,000;;
018016004;7909990002984;DENTIFRICE SIGNAL 75ML 12PC;0,000;COSMETIC;SOUK;27,000;7,407;0,000;29,000;29,000;;;;07/11/2023;11/11/2023;0,000;;
018016005;7909990002991;DENTIFRICE SIGNAL 120ML 12PC;0,000;COSMETIC;SOUK;29,000;6,897;0,000;31,000;31,000;;;;07/11/2023;07/11/2023;0,000;;
018016006;7909990003004;SHAMPOING CLEAR 1PC;0,000;COSMETIC;SOUK;8,000;12,500;0,000;9,000;9,000;;;;07/11/2023;11/11/2023;0,000;;
018016007;7909990005152;SHAMPOING HEAD&SHOULDERS 24PC;0,000;COSMETIC;SOUK;3,427;40,064;0,000;4,800;4,800;;;;10/11/2023;11/11/2023;0,000;;
018016008;7909990005183;BATONNET HYCOT 150PC*6PC;0,000;COSMETIC;SOUK;10,260;16,959;0,000;12,000;12,000;;;;10/11/2023;11/11/2023;0,000;;
018016009;7909990005190;BATONNET HYCOT 90PC*6PC;0,000;COSMETIC;SOUK;7,000;28,571;0,000;9,000;9,000;;;;10/11/2023;11/11/2023;0,000;;
018016010;7909990005565;SAVON DURU PM 6PC;0,000;COSMETIC;SOUK;8,056;17,925;0,000;9,500;9,500;;;;14/11/2023;15/11/2023;0,000;;
018016011;7909990005572;SAVON DURU 1PC;0,000;COSMETIC;SOUK;1,855;18,598;0,000;2,200;2,200;;;;14/11/2023;15/11/2023;0,000;;
018016012;7909990005688;SAVON DURU GM 6PC;0,000;COSMETIC;SOUK;12,861;15,854;0,000;14,900;14,900;;;;15/11/2023;15/11/2023;0,000;;
018018001;7909990002779;GEL DOSE LUXADO 50PC;0,000;COSMETIC;LUXADO;7,100;26,761;0,000;9,000;9,000;;;;07/11/2023;11/11/2023;0,000;;
018018002;7909990002786;CIRE WAX LUXADO 12PC;0,000;COSMETIC;LUXADO;14,000;17,857;0,000;16,500;16,500;;;;07/11/2023;11/11/2023;0,000;;
018018003;7909990002793;GEL BOITE LUXADO 24PC;0,000;COSMETIC;LUXADO;37,000;10,811;0,000;41,000;41,000;;;;07/11/2023;11/11/2023;0,000;;
018018004;7909990002809;SHAMPOING DOSE LUXADO 36PC;0,000;COSMETIC;LUXADO;4,500;27,778;0,000;5,750;5,750;;;;07/11/2023;11/11/2023;0,000;;
018018005;7909990005404;PARFUM LUXADO 12PC;0,000;COSMETIC;LUXADO;30,000;10,000;0,000;33,000;33,000;;;;10/11/2023;11/11/2023;0,000;;
019016001;7909990003158;KAKAWIA JBEN EL BARAKA 1KG;0,000;FRUIT SECS;EL BARAKA;11,000;13,636;0,000;12,500;12,500;;;;08/11/2023;08/11/2023;0,000;;
019016002;7909990005114;LOUZ AHMER AMERICAN NAY 36 1KG;0,000;FRUIT SECS;SOUK;26,000;9,615;0,000;28,500;28,500;;;;09/11/2023;09/11/2023;0,000;;
019016003;7909990005121;LOUZ AHMER AMERICAN NAY 38 1KG;0,000;FRUIT SECS;SOUK;28,000;14,286;0,000;32,000;32,000;;;;09/11/2023;09/11/2023;0,000;;
019016004;7909990005138;NOIX DE CAJOU NAY 1KG;0,000;FRUIT SECS;SOUK;30,000;16,667;0,000;35,000;35,000;;;;09/11/2023;09/11/2023;0,000;;
019016005;7909990005411;KAKAWIA MASTRIA LUX 1KG;0,000;FRUIT SECS;SOUK;10,500;14,286;0,000;12,000;12,000;;;;10/11/2023;10/11/2023;0,000;;
019016006;7909990005428;KAKAWIA MASRIA NORMAL 1KG;0,000;FRUIT SECS;SOUK;8,500;23,529;0,000;10,500;10,500;;;;10/11/2023;10/11/2023;0,000;;
019019001;7909990003059;KLOUB BL/NOIR EL BARAKA 700GR;0,000;FRUIT SECS;EL BARAKA;10,000;10,000;0,000;11,000;11,000;;;;08/11/2023;08/11/2023;0,000;;
019019002;7909990003066;KLOUB BLANC EL BARAKA 700GR;0,000;FRUIT SECS;EL BARAKA;7,000;28,571;0,000;9,000;9,000;;;;08/11/2023;08/11/2023;0,000;;
019019003;7909990003073;LOUZ MELAH EL BARAKA 1KG;0,000;FRUIT SECS;EL BARAKA;30,000;10,000;0,000;33,000;33,000;;;;08/11/2023;08/11/2023;0,000;;
019019004;7909990003080;LOUZ HLOU EL BARAKA 1KG;0,000;FRUIT SECS;EL BARAKA;30,000;10,000;0,000;33,000;33,000;;;;08/11/2023;08/11/2023;0,000;;
019019005;7909990003097;NOIX DE CAJOU EL BARAKA 1KG;0,000;FRUIT SECS;EL BARAKA;37,000;13,514;0,000;42,000;42,000;;;;08/11/2023;08/11/2023;0,000;;
019019006;7909990003103;PISTACHE AMERICAN EL BARAKA 1KG;0,000;FRUIT SECS;EL BARAKA;44,000;9,091;0,000;48,000;48,000;;;;08/11/2023;08/11/2023;0,000;;
019019007;7909990003110;KLOUB 9RA3 EL BARAKA 1KG;0,000;FRUIT SECS;EL BARAKA;12,500;12,000;0,000;14,000;14,000;;;;08/11/2023;08/11/2023;0,000;;
019019008;7909990003127;KAKAWIA HAMRA MELHA EL BARAKA 2KG;0,000;FRUIT SECS;EL BARAKA;22,000;10,000;0,000;24,200;24,200;;;;08/11/2023;08/11/2023;0,000;;
019019009;7909990003134;KAKAWIA HAMRA HLOU EL BARAKA 1KG;0,000;FRUIT SECS;EL BARAKA;10,500;14,286;0,000;12,000;12,000;;;;08/11/2023;14/11/2023;0,000;;
019019010;7909990003141;KAKAWIA HARRA EL BARAKA 1KG;0,000;FRUIT SECS;EL BARAKA;11,000;13,636;0,000;12,500;12,500;;;;08/11/2023;08/11/2023;0,000;;
019019011;7909990003165;KAKAWIA JELJLEN EL BARAKA 1KG;0,000;FRUIT SECS;EL BARAKA;12,000;12,500;0,000;13,500;13,500;;;;08/11/2023;08/11/2023;0,000;;
019019012;7909990003172;HOMES MOKLI EL BARAKA 1KG;0,000;FRUIT SECS;EL BARAKA;12,000;10,000;0,000;13,200;13,200;;;;08/11/2023;08/11/2023;0,000;;
019019013;7909990003189;HOMES MOKLI EL BARAKA 5KG;0,000;FRUIT SECS;EL BARAKA;60,000;10,000;0,000;66,000;66,000;;;;08/11/2023;08/11/2023;0,000;;
019019014;7909990003196;HOMES MOKLI EL BARAKA 10KG;0,000;FRUIT SECS;EL BARAKA;120,000;10,000;0,000;132,000;132,000;;;;08/11/2023;08/11/2023;0,000;;
019019015;7909990003202;HOMES JELJLEN EL BARAKA 1KG;0,000;FRUIT SECS;EL BARAKA;12,000;12,500;0,000;13,500;13,500;;;;08/11/2023;14/11/2023;0,000;;
019019016;7909990003219;HOMES TORKI EL BARAKA 1KG;0,000;FRUIT SECS;EL BARAKA;8,500;23,529;0,000;10,500;10,500;;;;08/11/2023;14/11/2023;0,000;;
019020001;7909990003226;KLOUB BL/NOIR BONSOIR 700GR;0,000;FRUIT SECS;BONSOIR;10,000;10,000;0,000;11,000;11,000;;;;08/11/2023;08/11/2023;0,000;;
019020002;7909990003233;LOUZ MELAH BONSOIR 1KG;0,000;FRUIT SECS;BONSOIR;30,800;7,143;0,000;33,000;33,000;;;;08/11/2023;08/11/2023;0,000;;
019020003;7909990003240;LOUZ HLOU BONSOIR 1KG;0,000;FRUIT SECS;BONSOIR;30,800;7,143;0,000;33,000;33,000;;;;08/11/2023;08/11/2023;0,000;;
019020004;7909990003257;NOIX DE CAJOU BONSOIR 1KG;0,000;FRUIT SECS;BONSOIR;38,000;10,526;0,000;42,000;42,000;;;;08/11/2023;08/11/2023;0,000;;
019020005;7909990003264;PISTACHE AMERICAIN BONSOIR 1KG;0,000;FRUIT SECS;BONSOIR;44,000;9,091;0,000;48,000;48,000;;;;08/11/2023;08/11/2023;0,000;;
019020006;7909990003271;KAKAWIA HAMRA HLOU BONSOIR 1KG;0,000;FRUIT SECS;BONSOIR;10,000;20,000;0,000;12,000;12,000;;;;08/11/2023;14/11/2023;0,000;;
019020007;7909990003288;KAKAWIA HAMRA MELHA BONSOIR 1KG;0,000;FRUIT SECS;BONSOIR;10,000;20,000;0,000;12,000;12,000;;;;08/11/2023;14/11/2023;0,000;;
019020008;7909990003295;KAKAWIA HARRA BONSOIR 1KG;0,000;FRUIT SECS;BONSOIR;11,500;13,043;0,000;13,000;13,000;;;;08/11/2023;08/11/2023;0,000;;
019020009;7909990003301;KAKAWIA JBEN BONSOIR 1KG;0,000;FRUIT SECS;BONSOIR;11,500;13,043;0,000;13,000;13,000;;;;08/11/2023;08/11/2023;0,000;;
019020010;7909990003318;KAKAWIA BARBAQUE BONSOIR 1KG;0,000;FRUIT SECS;BONSOIR;11,500;13,043;0,000;13,000;13,000;;;;08/11/2023;14/11/2023;0,000;;
019020011;7909990003325;KAKAWIA 4*1 BONSOIR 1KG;0,000;FRUIT SECS;BONSOIR;95,000;7,895;0,000;102,500;102,500;;;;08/11/2023;08/11/2023;0,000;;
019021001;7909990003332;LOUZ HLOU ALWAFIR 1KG;0,000;FRUIT SECS;ALWAFIR;33,000;9,091;0,000;36,000;36,000;;;;08/11/2023;08/11/2023;0,000;;
019021002;7909990003349;LOUZ MELAH ALWAFIR 1KG;0,000;FRUIT SECS;ALWAFIR;33,000;9,091;0,000;36,000;36,000;;;;08/11/2023;08/11/2023;0,000;;
019021003;7909990003356;NOIX DE CAJOU ALWAFIR 1KG;0,000;FRUIT SECS;ALWAFIR;38,000;10,526;0,000;42,000;42,000;;;;08/11/2023;08/11/2023;0,000;;
019021004;7909990003363;PISTACHE SUPERE ALWAFIR 1KG;0,000;FRUIT SECS;ALWAFIR;49,000;8,163;0,000;53,000;53,000;;;;08/11/2023;08/11/2023;0,000;;
019021005;7909990003370;NOISETTE MOKLIA ALWAFIR 1KG;0,000;FRUIT SECS;ALWAFIR;33,000;15,152;0,000;38,000;38,000;;;;08/11/2023;08/11/2023;0,000;;
019021006;7909990003387;NOIX EXTRA ALWAFIR 1KG;0,000;FRUIT SECS;ALWAFIR;28,000;21,429;0,000;34,000;34,000;;;;08/11/2023;08/11/2023;0,000;;
020016001;7909990003899;SUCETTE CHUPA CHUPS 100PC;0,000;SUCETTE;SOUK;48,156;9,937;19,000;63,000;52,941;;;;09/11/2023;11/11/2023;0,000;;
020016002;7909990005589;SUCETTE TEKA 75PC;0,000;SUCETTE;SOUK;13,500;14,815;0,000;15,500;15,500;;;;14/11/2023;15/11/2023;0,000;;
020016003;7909990005770;SUCETTE CHADBON BOITE 125PC;0,000;SUCETTE;SOUK;15,000;16,667;0,000;17,500;17,500;;;;20/11/2023;20/11/2023;0,000;;
020016004;7909990005787;CHOCOLAT COCOATY SPORT 82PC;0,000;CHOCOLAT;SOUK;40,000;10,000;0,000;44,000;44,000;;;;20/11/2023;20/11/2023;0,000;;
020022001;7909990003509;SUCETTE CLOWN PAPILLON 100PC;0,000;SUCETTE;PAPILLON;8,073;14,501;19,000;11,000;9,244;;;;09/11/2023;11/11/2023;0,000;;
020022002;7909990003516;SUCETTE PIK PONG PAPILLON 100PC;0,000;SUCETTE;PAPILLON;8,073;14,501;19,000;11,000;9,244;;;;09/11/2023;11/11/2023;0,000;;
020022003;7909990003523;SUCETTE MAXI BUM XXL PAPILLON 48PC;0,000;SUCETTE;PAPILLON;10,492;12,130;19,000;14,000;11,765;;;;09/11/2023;15/11/2023;0,000;;
020024001;7909990003608;SUCETTE PETIT POPS TRIKI 100PC;0,000;SUCETTE;TRIKI;8,073;14,501;19,000;11,000;9,244;;;;09/11/2023;11/11/2023;0,000;;
021022001;7909990003530;CHAMIA AMANDE PAPILLON 4.400KG;0,000;CHAMIA;PAPILLON;45,237;7,743;19,000;58,000;48,739;;;;09/11/2023;09/11/2023;0,000;;
021022002;7909990003547;CHAMIA NORMAL EXTRA PAPILLON 4.400KG;0,000;CHAMIA;PAPILLON;37,000;9,017;19,000;48,000;40,336;;;;09/11/2023;09/11/2023;0,000;;
021022003;7909990003554;CHAMIA NORMAL PAPILLON 85G*24PC;0,000;CHAMIA;PAPILLON;25,382;9,255;19,000;33,000;27,731;;;;09/11/2023;11/11/2023;0,000;;
022016001;7909990003714;CONFITURE COING GODET EL FALLAH 100PC;0,000;CONFITURE;SOUK;21,000;9,524;0,000;23,000;23,000;;;;09/11/2023;15/11/2023;0,000;;
022016002;7909990005664;CONFITURE ABRICO GODET STICAP 100PC;0,000;CONFITURE;SOUK;19,500;12,821;0,000;22,000;22,000;;;;15/11/2023;15/11/2023;0,000;;
022016003;7909990005671;CONFITURE COING GODET TUCAL 100PC;0,000;CONFITURE;SOUK;22,000;10,000;0,000;24,200;24,200;;;;15/11/2023;15/11/2023;0,000;;
023008001;7909990005206;CHOCO OPPA 200GR;0,000;CAFE;VANOISE;2,630;14,068;0,000;3,000;3,000;;;;10/11/2023;11/11/2023;0,000;;
023027001;7909990003950;CAFE DOSE GOLDEN CAFE 120PC;0,000;CAFE;GOLDEN CAFE;21,000;7,143;0,000;22,500;22,500;;;;09/11/2023;11/11/2023;0,000;;
023028001;7909990003967;CHICOREE DOSE BRAVA 120PC;0,000;CAFE;BRAVA;20,000;10,000;0,000;22,000;22,000;;;;09/11/2023;11/11/2023;0,000;;
023028002;7909990005299;CHICOREE BRAVA 100GR;0,000;CAFE;BRAVA;6,537;14,732;0,000;7,500;7,500;;;;10/11/2023;12/11/2023;0,000;;
023028003;7909990005305;CHICOREE BRAVA 200GR;0,000;CAFE;BRAVA;11,114;12,471;0,000;12,500;12,500;;;;10/11/2023;17/11/2023;0,000;;
023030001;7909990004124;NESCAFE CLASIQUE DOSE 132PC;0,000;CAFE;NESTLE;24,569;8,766;19,000;31,800;26,723;;;;09/11/2023;11/11/2023;0,000;;
023030002;7909990004131;NESCAFE CLASIQUE DOSE 24PC;0,000;CAFE;NESTLE;5,100;15,340;19,000;7,000;5,882;;;;09/11/2023;12/11/2023;0,000;;
023030003;7909990004148;NESCAFE CLASIQUE BOCAL 190G+50GRATUIT;0,000;CAFE;NESTLE;27,000;7,407;0,000;29,000;29,000;;;;09/11/2023;15/11/2023;0,000;;
023030004;7909990004155;NESCAFE CLASIQUE BOCAL 190GR;0,000;CAFE;NESTLE;27,000;7,407;0,000;29,000;29,000;;;;09/11/2023;12/11/2023;0,000;;
023030005;7909990004162;NESCAFE CLASIQUE BOCAL 90GR;0,000;CAFE;NESTLE;15,500;9,677;0,000;17,000;17,000;;;;09/11/2023;12/11/2023;0,000;;
023030006;7909990004179;NESCAFE CLASIQUE BOCAL 45GR;0,000;CAFE;NESTLE;8,330;10,444;0,000;9,200;9,200;;;;09/11/2023;12/11/2023;0,000;;
023030007;7909990004186;NESCAFE CLASIQUE SACHET 50GR;0,000;CAFE;NESTLE;6,045;10,835;0,000;6,700;6,700;;;;09/11/2023;12/11/2023;0,000;;
023030008;7909990004193;NESCAFE CLASIQUE SACHET 25GR;0,000;CAFE;NESTLE;3,524;10,670;0,000;3,900;3,900;;;;09/11/2023;12/11/2023;0,000;;
023030009;7909990005312;RICORE 100GR;0,000;CAFE;NESTLE;10,650;9,859;0,000;11,700;11,700;;;;10/11/2023;12/11/2023;0,000;;
023030010;7909990005329;RICORE 260GR;0,000;CAFE;NESTLE;20,080;9,562;0,000;22,000;22,000;;;;10/11/2023;12/11/2023;0,000;;
023035001;7909990005244;MAXWELL HOUSE M/FINE NOIR 30PC;0,000;CAFE;MAXWELL HOUSE;10,850;10,599;0,000;12,000;12,000;;;;10/11/2023;11/11/2023;0,000;;
023035002;7909990005251;MAXWELL HOUSE SMOOTH JANE 30PC;0,000;CAFE;MAXWELL HOUSE;10,850;10,599;0,000;12,000;12,000;;;;10/11/2023;11/11/2023;0,000;;
023035003;7909990005268;MAXWELL HOUSE SMOOTH 190GR;0,000;CAFE;MAXWELL HOUSE;27,800;3,597;0,000;28,800;28,800;;;;10/11/2023;17/11/2023;0,000;;
023035004;7909990005275;MAXWELL HOUSE SMOOTH 95GR;0,000;CAFE;MAXWELL HOUSE;15,800;12,658;0,000;17,800;17,800;;;;10/11/2023;17/11/2023;0,000;;
023035005;7909990005282;MAXWELL HOUSE SMOOTH 47.5GR;0,000;CAFE;MAXWELL HOUSE;8,500;8,235;0,000;9,200;9,200;;;;10/11/2023;17/11/2023;0,000;;
024016001;7909990003974;INDOMIE POULET 70G*40PC;0,000;PATE;SOUK;28,000;10,000;0,000;30,800;30,800;;;;09/11/2023;11/11/2023;0,000;;
024016002;7909990003981;INDOMIE CREVETTE 70G*40PC;0,000;PATE;SOUK;28,000;10,000;0,000;30,800;30,800;;;;09/11/2023;11/11/2023;0,000;;
024016003;7909990003998;INDOMIE BOEUF 70G*40PC;0,000;PATE;SOUK;28,000;10,000;0,000;30,800;30,800;;;;09/11/2023;11/11/2023;0,000;;
024016004;7909990004001;INDOMIE LEGUME 70G*40PC;0,000;PATE;SOUK;28,000;10,000;0,000;30,800;30,800;;;;09/11/2023;11/11/2023;0,000;;
025029001;7909990004018;TOMATE SICMA 1KG*12PC;0,000;TOMATE;SICAM;57,500;1,217;0,000;58,200;58,200;;;;09/11/2023;11/11/2023;0,000;;
025029002;7909990004025;TOMATE SICMA 500GR*24PC;0,000;TOMATE;SICAM;61,200;2,941;0,000;63,000;63,000;;;;09/11/2023;09/11/2023;0,000;;
026016001;7909990004049;HARISA NEBLIA 1/6 24PC;0,000;HARISA;SOUK;28,000;10,714;0,000;31,000;31,000;;;;09/11/2023;11/11/2023;0,000;;
026029001;7909990004032;HARISA SICAM 1/6*30PC;0,000;HARISA;SICAM;34,000;5,882;0,000;36,000;36,000;;;;09/11/2023;11/11/2023;0,000;;
026029002;7909990004056;HARISA SICAM 500GR*24PC;0,000;HARISA;SICAM;58,000;5,172;0,000;61,000;61,000;;;;09/11/2023;11/11/2023;0,000;;
027031001;7909990004209;COCA-COLA PET 30CL*12PC;0,000;GAZEUEZE;COCA;12,000;8,333;0,000;13,000;13,000;;;;09/11/2023;14/11/2023;0,000;;
027031002;7909990004216;COCA-COLA PET 50CL*12PC;0,000;GAZEUEZE;COCA;14,500;6,207;0,000;15,400;15,400;;;;09/11/2023;14/11/2023;0,000;;
027031003;7909990004223;COCA-COLA PET 1L*6PC;0,000;GAZEUEZE;COCA;12,500;8,000;0,000;13,500;13,500;;;;09/11/2023;14/11/2023;0,000;;
027031004;7909990004230;COCA-COLA PET 1.5L*6PC;0,000;GAZEUEZE;COCA;15,700;7,006;0,000;16,800;16,800;;;;09/11/2023;14/11/2023;0,000;;
027031005;7909990004247;COCA-COLA 0% PET 30CL*12PC;0,000;GAZEUEZE;COCA;12,000;8,333;0,000;13,000;13,000;;;;09/11/2023;09/11/2023;0,000;;
027031006;7909990004254;COCA-COLA 0% PET 50CL*12PC;0,000;GAZEUEZE;COCA;14,500;6,207;0,000;15,400;15,400;;;;09/11/2023;09/11/2023;0,000;;
027031007;7909990004261;COCA-COLA 0% PET 1L*6PC;0,000;GAZEUEZE;COCA;12,500;8,000;0,000;13,500;13,500;;;;09/11/2023;14/11/2023;0,000;;
027031008;7909990004278;COCA-COLA 0% PET 1.5L*6PC;0,000;GAZEUEZE;COCA;15,700;7,006;0,000;16,800;16,800;;;;09/11/2023;09/11/2023;0,000;;
027031009;7909990004285;BOGA CIDER PET 30CL*12PC;0,000;GAZEUEZE;COCA;12,000;8,333;0,000;13,000;13,000;;;;09/11/2023;09/11/2023;0,000;;
027031010;7909990004292;BOGA CIDER PET 50CL*12PC;0,000;GAZEUEZE;COCA;14,500;6,207;0,000;15,400;15,400;;;;09/11/2023;14/11/2023;0,000;;
027031011;7909990004308;BOGA CIDER PET 1L*6PC;0,000;GAZEUEZE;COCA;12,500;8,000;0,000;13,500;13,500;;;;09/11/2023;14/11/2023;0,000;;
027031012;7909990004315;BOGA CIDER PET 1.5*6PC;0,000;GAZEUEZE;COCA;15,700;6,688;0,000;16,750;16,750;;;;09/11/2023;14/11/2023;0,000;;
027031013;7909990004322;BOGA LIM PET 30CL*12PC;0,000;GAZEUEZE;COCA;12,000;8,333;0,000;13,000;13,000;;;;09/11/2023;09/11/2023;0,000;;
027031014;7909990004339;BOGA LIM PET 50CL*12PC;0,000;GAZEUEZE;COCA;14,500;6,207;0,000;15,400;15,400;;;;09/11/2023;14/11/2023;0,000;;
027031015;7909990004346;BOGA LIM PET 1L*6PC;0,000;GAZEUEZE;COCA;12,500;8,000;0,000;13,500;13,500;;;;09/11/2023;14/11/2023;0,000;;
027031016;7909990004353;BOGA LIM PET 1.5L*6PC;0,000;GAZEUEZE;COCA;15,700;7,006;0,000;16,800;16,800;;;;09/11/2023;14/11/2023;0,000;;
027031017;7909990004360;BOGA PECHE PET 30CL*12PC;0,000;GAZEUEZE;COCA;12,000;8,333;0,000;13,000;13,000;;;;09/11/2023;14/11/2023;0,000;;
027031018;7909990004377;BOGA MOJITO PET 30CL*12PC;0,000;GAZEUEZE;COCA;12,000;8,333;0,000;13,000;13,000;;;;09/11/2023;09/11/2023;0,000;;
027031019;7909990004384;BOGA FRUIT ROUGE PET 30CL*12PC;0,000;GAZEUEZE;COCA;12,000;8,333;0,000;13,000;13,000;;;;09/11/2023;14/11/2023;0,000;;
027031020;7909990004391;BOGA MENTHE PET 1L*6PC;0,000;GAZEUEZE;COCA;12,500;8,000;0,000;13,500;13,500;;;;09/11/2023;09/11/2023;0,000;;
027031021;7909990004407;FANTA ORANGE PET 30CL*12PC;0,000;GAZEUEZE;COCA;12,000;8,333;0,000;13,000;13,000;;;;09/11/2023;14/11/2023;0,000;;
027031022;7909990004414;FANTA ORANGE PET 50CL*12PC;0,000;GAZEUEZE;COCA;14,500;6,207;0,000;15,400;15,400;;;;09/11/2023;14/11/2023;0,000;;
027031023;7909990004421;FANTA ORANGE PET 1L*6PC;0,000;GAZEUEZE;COCA;12,500;8,000;0,000;13,500;13,500;;;;09/11/2023;14/11/2023;0,000;;
027031024;7909990004438;FANTA ORANGE PET 1.5L*6PC;0,000;GAZEUEZE;COCA;15,700;7,006;0,000;16,800;16,800;;;;09/11/2023;14/11/2023;0,000;;
027031025;7909990004445;FANTA CITRON PET 50CL*12PC;0,000;GAZEUEZE;COCA;14,500;6,207;0,000;15,400;15,400;;;;09/11/2023;09/11/2023;0,000;;
027031026;7909990004452;FANTA CITRON PET 1L*6PC;0,000;GAZEUEZE;COCA;12,500;8,000;0,000;13,500;13,500;;;;09/11/2023;09/11/2023;0,000;;
027031027;7909990004469;FANTA CITRON PET 1.5L*6PC;0,000;GAZEUEZE;COCA;15,700;7,006;0,000;16,800;16,800;;;;09/11/2023;09/11/2023;0,000;;
027031028;7909990004476;CHWIPS ANANS PET 1L*6C;0,000;GAZEUEZE;COCA;12,500;8,000;0,000;13,500;13,500;;;;09/11/2023;09/11/2023;0,000;;
027031029;7909990004483;CHWIPS ANANS PET 1.5L*6C;0,000;GAZEUEZE;COCA;15,700;7,006;0,000;16,800;16,800;;;;09/11/2023;14/11/2023;0,000;;
027031030;7909990004490;APPLA POMME PET 50CL*12PC;0,000;GAZEUEZE;COCA;14,500;6,207;0,000;15,400;15,400;;;;09/11/2023;14/11/2023;0,000;;
027031031;7909990004506;APPLA POMME PET 1L*6PC;0,000;GAZEUEZE;COCA;12,500;8,000;0,000;13,500;13,500;;;;09/11/2023;09/11/2023;0,000;;
027031032;7909990004513;APPLA POMME PET 1.5L*6PC;0,000;GAZEUEZE;COCA;15,700;7,006;0,000;16,800;16,800;;;;09/11/2023;09/11/2023;0,000;;
027031033;7909990004520;ORANGINA JANE PET 40CL*12PC;0,000;GAZEUEZE;COCA;14,500;6,207;0,000;15,400;15,400;;;;09/11/2023;09/11/2023;0,000;;
027031034;7909990004537;ORANGINA JANE PET 98CL*6PC;0,000;GAZEUEZE;COCA;12,500;8,000;0,000;13,500;13,500;;;;09/11/2023;14/11/2023;0,000;;
027031035;7909990004544;ORANGINA JANE PET 1.25CL*6PC;0,000;GAZEUEZE;COCA;15,700;7,006;0,000;16,800;16,800;;;;09/11/2023;14/11/2023;0,000;;
027031036;7909990004551;SPRITE PET 50CL*12PC;0,000;GAZEUEZE;COCA;14,500;6,207;0,000;15,400;15,400;;;;09/11/2023;09/11/2023;0,000;;
027031037;7909990004568;SPRITE PET 1L*6PC;0,000;GAZEUEZE;COCA;12,500;8,000;0,000;13,500;13,500;;;;09/11/2023;14/11/2023;0,000;;
027031038;7909990004575;SPRITE PET 1.5L*6PC;0,000;GAZEUEZE;COCA;15,750;6,667;0,000;16,800;16,800;;;;09/11/2023;14/11/2023;0,000;;
027031039;7909990004582;CANETTE COCA 0% 33CL*24PC;0,000;GAZEUEZE;COCA;26,000;5,769;0,000;27,500;27,500;;;;09/11/2023;14/11/2023;0,000;;
027031040;7909990004599;CANETTE COCA 33CL*24PC;0,000;GAZEUEZE;COCA;26,000;5,769;0,000;27,500;27,500;;;;09/11/2023;14/11/2023;0,000;;
027031041;7909990004605;CANETTE FANTA ORANGE 33CL*24PC;0,000;GAZEUEZE;COCA;26,000;5,769;0,000;27,500;27,500;;;;09/11/2023;14/11/2023;0,000;;
027031042;7909990004612;CANETTE BOGA CIDER 33CL*24PC;0,000;GAZEUEZE;COCA;26,000;5,769;0,000;27,500;27,500;;;;09/11/2023;14/11/2023;0,000;;
027031043;7909990004629;CANETTE BOGA LIM 33CL*24PC;0,000;GAZEUEZE;COCA;26,000;5,769;0,000;27,500;27,500;;;;09/11/2023;14/11/2023;0,000;;
027031044;7909990004636;CANETTE APPLA 33CL*24PC;0,000;GAZEUEZE;COCA;26,000;5,769;0,000;27,500;27,500;;;;09/11/2023;09/11/2023;0,000;;
027031045;7909990004643;CANETTE CHWIPS 33CL*24PC;0,000;GAZEUEZE;COCA;26,000;5,769;0,000;27,500;27,500;;;;09/11/2023;14/11/2023;0,000;;
027031046;7909990004650;CANETTE BOGA MENTHE  33CL*24PC;0,000;GAZEUEZE;COCA;26,000;5,769;0,000;27,500;27,500;;;;09/11/2023;09/11/2023;0,000;;
027031047;7909990004667;CANETTE SPRITE 33CL*24PC;0,000;GAZEUEZE;COCA;26,000;5,769;0,000;27,500;27,500;;;;09/11/2023;09/11/2023;0,000;;
027031048;7909990004674;CANETTE FANTA CITRON 33CL*24PC;0,000;GAZEUEZE;COCA;26,000;5,769;0,000;27,500;27,500;;;;09/11/2023;14/11/2023;0,000;;
027031049;7909990005640;CANETTE FANTA POMME 33CL*24PC;0,000;GAZEUEZE;COCA;26,000;5,769;0,000;27,500;27,500;;;;14/11/2023;14/11/2023;0,000;;
027032001;7909990004681;VIVA RAOUAA PET 50CL*12PC;0,000;GAZEUEZE;VIVA;13,490;14,159;0,000;15,400;15,400;;;;09/11/2023;09/11/2023;0,000;;
027032002;7909990004698;VIVA RAOUAA PET 1L*6PC;0,000;GAZEUEZE;VIVA;11,920;13,255;0,000;13,500;13,500;;;;09/11/2023;09/11/2023;0,000;;
027032003;7909990004704;VIVA RAOUAA PET 1.5L*6PC;0,000;GAZEUEZE;VIVA;15,250;10,164;0,000;16,800;16,800;;;;09/11/2023;14/11/2023;0,000;;
027032004;7909990004711;VIVA PECHE PET 50CL*12PC;0,000;GAZEUEZE;VIVA;13,940;10,473;0,000;15,400;15,400;;;;09/11/2023;14/11/2023;0,000;;
027032005;7909990004728;VIVA PECHE PET 1L*6PC;0,000;GAZEUEZE;VIVA;11,920;13,255;0,000;13,500;13,500;;;;09/11/2023;09/11/2023;0,000;;
027032006;7909990004735;VIVA PECHE PET 1.5L*6PC;0,000;GAZEUEZE;VIVA;15,250;10,164;0,000;16,800;16,800;;;;09/11/2023;14/11/2023;0,000;;
027032007;7909990004742;VIVA CITRON PET 50CL*12PC;0,000;GAZEUEZE;VIVA;13,940;10,473;0,000;15,400;15,400;;;;09/11/2023;14/11/2023;0,000;;
027032008;7909990004759;VIVA CITRON PET 1.5L*6PC;0,000;GAZEUEZE;VIVA;15,250;10,164;0,000;16,800;16,800;;;;09/11/2023;14/11/2023;0,000;;
027032009;7909990004766;VIVA TROPICO PET 50CL*12PC;0,000;GAZEUEZE;VIVA;13,940;10,473;0,000;15,400;15,400;;;;09/11/2023;14/11/2023;0,000;;
027032010;7909990004773;VIVA TROPICO PET 1L*6PC;0,000;GAZEUEZE;VIVA;11,940;13,065;0,000;13,500;13,500;;;;09/11/2023;14/11/2023;0,000;;
027032011;7909990004780;VIVA TROPICO PET 1.5L*6PC;0,000;GAZEUEZE;VIVA;15,250;10,164;0,000;16,800;16,800;;;;09/11/2023;09/11/2023;0,000;;
027032012;7909990004797;VIVA CIDER PET 1L*6PC;0,000;GAZEUEZE;VIVA;11,940;13,065;0,000;13,500;13,500;;;;09/11/2023;14/11/2023;0,000;;
027032013;7909990004803;VIVA CIDER PET 1.5L*6PC;0,000;GAZEUEZE;VIVA;15,250;10,164;0,000;16,800;16,800;;;;09/11/2023;14/11/2023;0,000;;
027032014;7909990004810;CANETTE VIVA PECHE 33CL*24PC;0,000;GAZEUEZE;VIVA;32,500;10,769;0,000;36,000;36,000;;;;09/11/2023;09/11/2023;0,000;;
027032015;7909990004827;CANETTE VIVA POMME 33CL*24PC;0,000;GAZEUEZE;VIVA;32,500;10,769;0,000;36,000;36,000;;;;09/11/2023;14/11/2023;0,000;;
027032016;7909990005633;VIVA CITRON PET 1L*6PC;0,000;GAZEUEZE;VIVA;11,940;13,065;0,000;13,500;13,500;;;;14/11/2023;14/11/2023;0,000;;
028016001;7909990004988;THON SIDI ALI 140GR;0,000;THON;SOUK;2,687;7,927;0,000;2,900;2,900;;;;09/11/2023;11/11/2023;0,000;;
028016002;7909990005015;THON LA GOULETTE HV 110GR;0,000;THON;SOUK;0,000;0,000;0,000;1,000;1,000;;;;09/11/2023;09/11/2023;0,000;;
028016003;7909990005022;THON LA GOULETTE HO 110GR;0,000;THON;SOUK;0,000;0,000;0,000;1,000;1,000;;;;09/11/2023;12/11/2023;0,000;;
028016004;7909990005039;THON LA GOULETTE HV 400GR;0,000;THON;SOUK;0,000;0,000;0,000;1,000;1,000;;;;09/11/2023;09/11/2023;0,000;;
028016005;7909990005046;THON LA GOULETTE HO 400GR;0,000;THON;SOUK;0,000;0,000;0,000;1,000;1,000;;;;09/11/2023;09/11/2023;0,000;;
028016006;7909990005053;THON FNAR JANE HV 400GR;0,000;THON;SOUK;8,400;7,143;0,000;9,000;9,000;;;;09/11/2023;11/11/2023;0,000;;
028016007;7909990005060;THON LA VAGUE HV 400GR;0,000;THON;SOUK;8,800;10,227;0,000;9,700;9,700;;;;09/11/2023;11/11/2023;0,000;;
028016008;7909990005077;THON EL BADER HV 400GR;0,000;THON;SOUK;9,100;9,890;0,000;10,000;10,000;;;;09/11/2023;11/11/2023;0,000;;
028016009;7909990005084;THON ZAYEN HV 400GR;0,000;THON;SOUK;7,600;11,842;0,000;8,500;8,500;;;;09/11/2023;11/11/2023;0,000;;
029016001;7909990005008;SARDINE LE GRAND BLEU 110GR;0,000;SARDINE;SOUK;1,360;25,000;0,000;1,700;1,700;;;;09/11/2023;11/11/2023;0,000;;
029016002;7909990005091;SARDINE MARINA HV 110GR;0,000;SARDINE;SOUK;1,600;12,500;0,000;1,800;1,800;;;;09/11/2023;11/11/2023;0,000;;
030016001;7909990005596;PAPIER TOILET KOTIS 4*1PC;0,000;SERVIETTE;SOUK;2,050;17,073;0,000;2,400;2,400;;;;14/11/2023;15/11/2023;0,000;;
030016002;7909990005602;PAPIER SERVIETTE ROSY 30*30 1PC;0,000;SERVIETTE;SOUK;1,310;22,137;0,000;1,600;1,600;;;;14/11/2023;15/11/2023;0,000;;
030016003;7909990005619;PAPIER SERVIETTE ROSY 24*24/ 1pc;0,000;SERVIETTE;SOUK;0,810;17,284;0,000;0,950;0,950;;;;14/11/2023;15/11/2023;0,000;;
030016004;7909990005626;PAPIER SUITOU ROSY 2*1PC;0,000;SERVIETTE;SOUK;2,500;14,000;0,000;2,850;2,850;;;;14/11/2023;15/11/2023;0,000;;
030034001;7909990005107;PAPIER MOUCHOIR LILAS 10PC;0,000;SERVIETTE;LILAS;2,350;10,638;0,000;2,600;2,600;;;;09/11/2023;11/11/2023;0,000;;
031016001;7909990005169;POCHETTE HAMAS 100GR;0,000;EMBALLAGE;SOUK;6,500;23,077;0,000;8,000;8,000;;;;10/11/2023;10/11/2023;0,000;;
031016002;7909990005176;POCHETTE HAMAS 200GR;0,000;EMBALLAGE;SOUK;6,500;23,077;0,000;8,000;8,000;;;;10/11/2023;10/11/2023;0,000;;
031016003;7909990005336;SACHET MIZEN 500GR 1PC;0,000;EMBALLAGE;SOUK;0,950;15,789;0,000;1,100;1,100;;;;10/11/2023;10/11/2023;0,000;;
031016004;7909990005343;SACHET MIZEN 1KG 1PC;0,000;EMBALLAGE;SOUK;1,050;14,286;0,000;1,200;1,200;;;;10/11/2023;10/11/2023;0,000;;
031016005;7909990005350;SACHET MIZEN 2KG 1PC;0,000;EMBALLAGE;SOUK;1,450;17,241;0,000;1,700;1,700;;;;10/11/2023;10/11/2023;0,000;;
031016006;7909990005367;SACHET 9ADIA NOIR GM LUX 50PC;0,000;EMBALLAGE;SOUK;3,600;11,111;0,000;4,000;4,000;;;;10/11/2023;10/11/2023;0,000;;
031016007;7909990005374;SACHET 9ADIA NOIR GM NORMAL 50PC;0,000;EMBALLAGE;SOUK;2,000;25,000;0,000;2,500;2,500;;;;10/11/2023;10/11/2023;0,000;;
031016008;7909990005381;SACHET 9ADIA NOIR PM LUX 50PC;0,000;EMBALLAGE;SOUK;1,050;23,810;0,000;1,300;1,300;;;;10/11/2023;10/11/2023;0,000;;
031016009;7909990005398;SACHET 9ADIA NOIR PM NORMAL 50PC;0,000;EMBALLAGE;SOUK;0,625;1 340,000;0,000;9,000;9,000;;;;10/11/2023;10/11/2023;0,000;;
031016010;7909990005435;GOBELET DEAU PLASTIQUE 100PC ;0,000;EMBALLAGE;SOUK;2,660;31,579;0,000;3,500;3,500;;;;10/11/2023;11/11/2023;0,000;;
032020001;7909990005237;RIZ BLANC BONSOIR 900GR;0,000;RIZ;BONSOIR;6,000;5,000;0,000;6,300;6,300;;;;10/11/2023;11/11/2023;0,000;0,000;
;;576;;;;;;;;;;;;;;;;
